course_id,course_title,price,Free/Paid,num_subscribers,num_reviews,num_lectures,level,Rating,content_duration,published_,Year,Month,subject,Revenue
19421,Free Beginner Electric Guitar Lessons,0,Free,101154,1042,95,All Levels,0.88,4.5,15-06-2012,2012,6,Musical Instruments,0
238934,Pianoforall - Incredible New Way To Learn Piano & Keyboard,200,Paid,75499,7676,362,Beginner Level,0.96,30,07-08-2014,2014,8,Musical Instruments,15099800
41884,Getting Started with Playing Guitar,0,Free,47652,1141,26,All Levels,0.68,4,29-05-2013,2013,5,Musical Instruments,0
42271,Complete Guitar System - Beginner to Advanced,145,Paid,32935,2713,310,All Levels,0.65,34,29-05-2013,2013,5,Musical Instruments,4775575
26956,Learn Guitar in 21 Days,20,Paid,26504,192,82,All Levels,0.41,2.5,21-10-2012,2012,10,Musical Instruments,530080
456284,The Professional Guitar Masterclass,200,Paid,21701,1340,136,All Levels,0.3,9.5,28-04-2015,2015,4,Musical Instruments,4340200
583752,Introduction to Piano - By PGN Piano!,0,Free,14922,772,8,All Levels,0.3,0.666666667,16-08-2015,2015,8,Musical Instruments,0
59922,Best Beginner Guitar Lessons by Sam Lyons,20,Paid,14560,20,32,All Levels,0.3,2,16-06-2013,2013,6,Musical Instruments,291200
198690,Acoustic Guitar Basics,0,Free,14495,224,21,Beginner Level,0.47,2,07-08-2014,2014,8,Musical Instruments,0
484670,Guitar Super System Level 1,50,Paid,10869,2257,104,Intermediate Level,0.94,5,29-04-2015,2015,4,Musical Instruments,543450
953152,The Complete Piano & Music Theory Beginners Course,50,Paid,10435,665,23,Expert Level,0.12,1.5,15-09-2016,2016,9,Musical Instruments,521750
1191750,"Jazz Guitar Tips, Tricks and Licks",0,Free,9351,331,21,Intermediate Level,0.18,2,01-05-2017,2017,5,Musical Instruments,0
645202,The Total Beginner's Guitar Course,0,Free,9193,357,17,Intermediate Level,0.18,1.5,24-03-2016,2016,3,Musical Instruments,0
200598,"LEARN HARMONICA, amaze your friends and have fun - it's easy",200,Paid,8857,718,131,Beginner Level,0.43,15.5,27-04-2014,2014,4,Musical Instruments,1771400
101496,How To Play Blues Guitar - Broonzy & McGhee Blues Lessons,0,Free,8240,31,6,All Levels,0.52,1.5,23-11-2013,2013,11,Musical Instruments,0
99324,Acoustic Blues Guitar Lessons,0,Free,8217,109,10,Beginner Level,0.3,1,30-09-2013,2013,9,Musical Instruments,0
1132342,Ultimate Beginner Guitar Masterclass,200,Paid,8113,79,124,All Levels,0.18,11.5,15-05-2017,2017,5,Musical Instruments,1622600
194692,Quicklessons Piano Course - Learn to Play Piano by Ear!,200,Paid,7178,260,144,Intermediate Level,0.15,8.5,12-04-2014,2014,4,Musical Instruments,1435600
76524,A new approach to piano and playing songs for beginners,50,Paid,7140,72,26,All Levels,0.18,1.5,11-08-2013,2013,8,Musical Instruments,357000
409818,Get started playing blues harmonica,0,Free,6853,398,23,Intermediate Level,0.99,0.616666667,30-03-2015,2015,3,Musical Instruments,0
517148,Acoustic Fingerstyle Guitar Course: Beginner to Advanced,200,Paid,6565,55,56,All Levels,0.11,4,04-08-2015,2015,8,Musical Instruments,1313000
824044,PI-101 Top 10 Classical Piano Pieces for Beginners,0,Free,6292,183,38,Beginner Level,0.96,1,30-05-2016,2016,5,Musical Instruments,0
1052180,"How to play 'Electric Guitar"",https://www.udemy.com/electric-guitar-beginners-method/,true,50,1105,5,20,Beginner Level,2 hours,2016-12-29T00:24:06Z
42038,Learn Piano Today: How to Play Piano Course in Quick Lessons""",100,Paid,6271,68,75,All Levels,0.14,5,27-06-2013,2013,6,Musical Instruments,627100
65033,Virtual Piano Lessons - A New Way To Learn Piano,50,Paid,5830,29,12,Beginner Level,0.14,1,21-07-2013,2013,7,Musical Instruments,291500
315576,Guitar Crash Course (No Experience Necessary),0,Free,5769,78,29,Intermediate Level,0.14,1,22-01-2015,2015,1,Musical Instruments,0
364716,"Beginner Violin 101: Care, Maintenance, and the Right Gear",0,Free,5543,107,29,Beginner Level,0.14,4,03-03-2015,2015,3,Musical Instruments,0
967380,How to play Piano - Go from a Beginner/Intermediate to a Pro,200,Paid,5316,159,291,All Levels,0.14,31,16-10-2016,2016,10,Musical Instruments,1063200
1032864,Learn to Read & Write Music to play Piano & more instruments,115,Paid,5292,38,85,Beginner Level,0.14,10.5,27-12-2016,2016,12,Musical Instruments,608580
555340,Play Piano in 30 Days! - Start Playing NOW!,0,Free,5188,410,58,All Levels,0.14,3,26-07-2015,2015,7,Musical Instruments,0
574974,The Complete Piano Course - Master The Piano,95,Paid,4982,276,240,All Levels,0.14,23,20-08-2015,2015,8,Musical Instruments,473290
1105794,Piano Music Theory (Back To Basics) by JFilt,0,Free,4967,308,12,Beginner Level,0.14,0.5,13-02-2017,2017,2,Musical Instruments,0
1229488,Learn to play your favorite guitar songs by ear,50,Paid,4733,11,15,Beginner Level,0.14,1.5,27-05-2017,2017,5,Musical Instruments,236650
566678,Learn 4 Chords and Play Thousands of Songs!,20,Paid,4560,177,22,All Levels,0.14,1.5,17-08-2015,2015,8,Musical Instruments,91200
501412,Play Piano by Ear Today! SuperCourse,60,Paid,4557,21,77,All Levels,0.14,5.5,05-01-2016,2016,1,Musical Instruments,273420
696630,"7 Ways A Beginner Guitarist Can Sound Better, Instantly!",0,Free,4529,193,7,All Levels,0.14,0.6,21-12-2015,2015,12,Musical Instruments,0
286070,5 lecciones que todo guitarrista debe tomar,0,Free,4452,263,14,All Levels,0.14,1,23-08-2014,2014,8,Musical Instruments,0
681692,Guitar Super System Level 2,50,Paid,4192,128,34,All Levels,0.14,1.5,30-11-2015,2015,11,Musical Instruments,209600
206088,Guitar Chord Mastery!Turn Your Brain Into A Chord Encyclopia,200,Paid,4133,173,224,All Levels,0.14,28.5,19-05-2014,2014,5,Musical Instruments,826600
687248,3 step formula for playing guitar by ear,25,Paid,3937,54,20,Beginner Level,0.14,1.5,03-12-2015,2015,12,Musical Instruments,98425
955914,A beginner`s guide to fingerpicking and strumming guitar',0,Free,3481,29,20,All Levels,0.14,2,13-09-2016,2016,9,Musical Instruments,0
658276,Piano for Singer/Songwriters | Write Songs and Perform Live!,100,Paid,3371,175,42,Beginner Level,0.14,3,12-11-2015,2015,11,Musical Instruments,337100
762374,Guitar Lessons - String Bending And Vibrato Essentials,0,Free,3325,28,5,All Levels,0.14,1,15-02-2016,2016,2,Musical Instruments,0
648506,Blues Guitar Fundamentals,50,Paid,3312,107,21,Beginner Level,0.14,1.5,27-06-2016,2016,6,Musical Instruments,165600
666322,Learn to Play Piano From a Concert Pianist - For Beginners,200,Paid,3206,18,17,Intermediate Level,0.11,1,22-11-2015,2015,11,Musical Instruments,641200
198660,Tenor Banjo for Absolute Beginners,0,Free,3167,161,34,Beginner Level,0.11,0.616666667,19-07-2014,2014,7,Musical Instruments,0
385684,Guitar Kick Start,0,Free,3160,47,22,All Levels,0.11,1,19-03-2015,2015,3,Musical Instruments,0
1029440,Modern Rock Guitar Techniques,50,Paid,3157,375,32,Beginner Level,0.11,3,08-12-2016,2016,12,Musical Instruments,157850
1098994,Fun Ukulele Strumming Course,45,Paid,3141,10,15,Beginner Level,0.11,1,02-02-2017,2017,2,Musical Instruments,141345
288942,#1 Piano Hand Coordination: Play 10th Ballad in Eb Key songs,35,Paid,3137,18,68,Beginner Level,0.11,1.5,18-09-2014,2014,9,Musical Instruments,109795
105350,Play Piano Today - Easy Festive Favorites & Piano Party Hits,75,Paid,3122,6,80,Beginner Level,0.11,4,27-10-2013,2013,10,Musical Instruments,234150
1034414,Fingerstyle Guitar Mastery: 3 Techniques You Need To Know,0,Free,3042,40,13,All Levels,0.11,0.566666667,13-12-2016,2016,12,Musical Instruments,0
476324,Guitar - Learn 10 Legendary Chord Progressions for Guitar,55,Paid,3013,15,28,All Levels,0.11,1.5,14-06-2015,2015,6,Musical Instruments,165715
521440,The Essentials of Acoustic Guitar Strumming Patterns,0,Free,2995,51,19,Beginner Level,0.11,1,01-07-2015,2015,7,Musical Instruments,0
476988,Guitar - Blues Guitar for Beginners,45,Paid,2795,26,25,All Levels,0.11,1,22-05-2015,2015,5,Musical Instruments,125775
521072,Keyboard Instruments - Read Sheet Music for Piano Fast!,50,Paid,2788,52,41,Expert Level,0.11,1.5,01-07-2015,2015,7,Musical Instruments,139400
983418,The Allman Brothers Guitar Roots And Techniques,75,Paid,2692,29,14,Beginner Level,0.11,1.5,29-10-2016,2016,10,Musical Instruments,201900
749686,How to Play the Guitar: Your 30-Day Guide to Learn Guitar,20,Paid,2686,10,32,Beginner Level,0.11,6,02-02-2016,2016,2,Musical Instruments,53720
20387,Guitar Insanity Workout - Eatmystrings!,50,Paid,2673,17,29,Beginner Level,0.11,2.5,06-07-2012,2012,7,Musical Instruments,133650
806638,Blues Master - Beginner's Techniques Piano Course,0,Free,2618,41,16,Beginner Level,0.11,1.5,29-03-2016,2016,3,Musical Instruments,0
807934,The 80/20 Guitar: Write Music and Play Guitar in 30 Days,0,Free,2610,28,24,Beginner Level,0.11,3.5,20-04-2016,2016,4,Musical Instruments,0
288854,"Beginner's Guitar: Tuning, Strumming, and Chords!",0,Free,2577,30,6,All Levels,0.11,0.616666667,03-07-2015,2015,7,Musical Instruments,0
873386,Guitar Lessons: The Essential Beginner & Intermediate Course,0,Free,2566,39,23,All Levels,0.11,2,10-06-2016,2016,6,Musical Instruments,0
970880,"Blues Guitar Lessons for Beginners: Chords, Rhythm and Lead",95,Paid,2558,19,16,All Levels,0.11,3,19-10-2016,2016,10,Musical Instruments,243010
138228,Get great playing HARMONICA - a fun new leisure time hobby !,35,Paid,2543,44,17,Beginner Level,0.11,2,12-02-2014,2014,2,Musical Instruments,89005
647338,How To Make Money With A Cover Band,50,Paid,2498,12,25,All Levels,0.11,3.5,30-03-2017,2017,3,Musical Instruments,124900
422546,Piano - Circle of 5ths to Play A Song in 12 Keys in 12 Days,95,Paid,2415,16,115,All Levels,0.11,2.5,17-02-2015,2015,2,Musical Instruments,229425
782430,Playing Piano: Scales and Arpeggios Vol.I : Major keys,50,Paid,2358,3,26,All Levels,0.11,1,31-03-2016,2016,3,Musical Instruments,117900
51752,Just chords Piano: Learn to Play Piano Quickly - No Music,85,Paid,2357,15,53,Beginner Level,0.11,5,02-05-2013,2013,5,Musical Instruments,200345
311530,"Learn How to Play Blues, Rock, & Boogie Woogie Piano Today",45,Paid,2346,11,14,Intermediate Level,0.12,0.65,08-10-2014,2014,10,Musical Instruments,105570
1116196,Essential Theory and Technique for Guitar,0,Free,2285,34,22,Beginner Level,0.76,2,25-02-2017,2017,2,Musical Instruments,0
659918,Piano Runs & Fills #2: Play Rolling Cascading Runs for Intro,70,Paid,2164,10,30,Beginner Level,0.47,1,04-11-2015,2015,11,Musical Instruments,151480
1003568,Master Class # 11:  Play Piano Techniques Learn Piano 1 to10,95,Paid,2164,10,113,Beginner Level,0.73,2,07-11-2016,2016,11,Musical Instruments,205580
515256,Guitar - 12  Strumming Patterns You Must Know For Guitar,50,Paid,2154,40,16,Beginner Level,0.69,1,06-07-2015,2015,7,Musical Instruments,107700
1119092,"Learn guitar the Right way! Complete 'KickStarter course""",150,Paid,2102,33,99,Beginner Level,0.96,9,25-02-2017,2017,2,Musical Instruments,315300
961630,Beginner Guitar Quick-Start Course,0,Free,2084,20,7,Beginner Level,0.03,1,28-09-2016,2016,9,Musical Instruments,0
907966,Guitar: Learn 10 CCR Guitar Chord Progressions,50,Paid,2045,8,24,Beginner Level,0.36,2,25-08-2016,2016,8,Musical Instruments,102250
1123250,Master Class Piano Techniques: Tips To EZ Coordinate 2 Hands,95,Paid,2026,3,62,Beginner Level,0.2,2.5,09-03-2017,2017,3,Musical Instruments,192470
1122832,#6 Piano Hand Coordination: Play Open 10 Ballad to 9/4 Song,65,Paid,2015,3,21,Beginner Level,0.35,0.733333333,08-03-2017,2017,3,Musical Instruments,130975
1123184,#7 Piano Hand Coordination: Play Piano Runs in 3 Beats 9/4,65,Paid,2015,2,25,All Levels,0.95,1,08-03-2017,2017,3,Musical Instruments,130975
551170,Your First Course on Piano,70,Paid,2002,34,33,All Levels,0.38,4,16-07-2015,2015,7,Musical Instruments,140140
1111630,Learn to play the piano or keyboard from scratch,145,Paid,1987,11,161,Beginner Level,0.85,14,31-05-2017,2017,5,Musical Instruments,288115
646906,Playing Piano:  Play Chords and Popular Pieces Vol.I,100,Paid,1987,7,43,All Levels,0.83,3,01-02-2016,2016,2,Musical Instruments,198700
778682,Gitarre spielen wie die Profis,20,Paid,1981,28,38,All Levels,0.94,2,21-03-2016,2016,3,Musical Instruments,39620
353224,The Best Beginner Guitar Course Ever,50,Paid,1976,252,16,Beginner Level,0.76,1,25-11-2014,2014,11,Musical Instruments,98800
17922,Play Ukulele Now,30,Paid,1951,88,78,Expert Level,0.8,5,02-06-2012,2012,6,Musical Instruments,58530
829616,Aprendiendo Piano: Ejercicios de calentamiento,0,Free,1876,109,11,Beginner Level,0.11,0.55,27-04-2016,2016,4,Musical Instruments,0
132570,Basic Piano Hymn Playing,20,Paid,1842,21,28,All Levels,0.12,1.5,12-12-2013,2013,12,Musical Instruments,36840
260900,Quick & Easy Piano Chords: Play more songs with more chords,55,Paid,1818,4,90,Beginner Level,0.52,2.5,17-07-2014,2014,7,Musical Instruments,99990
777650,Drumming for Beginners - Simple Way To Learn How To Drum,20,Paid,1814,28,22,Beginner Level,0.11,2,02-03-2016,2016,3,Musical Instruments,36280
658816,Learn How to Improvise on Guitar in 30 Days,200,Paid,1788,89,33,All Levels,0.47,6,25-10-2016,2016,10,Musical Instruments,357600
637842,Playing Piano : Reading and Playing Classical Tunes Vol.I,50,Paid,1732,6,34,Beginner Level,0.88,2,16-10-2015,2015,10,Musical Instruments,86600
326428,Learn Piano Scales: Play any song in any key! Like Pro's do,50,Paid,1720,9,26,Beginner Level,0.07,2.5,29-10-2014,2014,10,Musical Instruments,86000
993510,Piano Technique Exercises Vol.1,50,Paid,1674,4,24,Intermediate Level,0.81,1,25-01-2017,2017,1,Musical Instruments,83700
888698,Piano Playing: Reading and Playing Classical Tunes Vol.II,40,Paid,1638,3,17,Intermediate Level,0.94,1.5,28-06-2016,2016,6,Musical Instruments,65520
670376,Piano Tutorial : Ludovico Einaudi - Una Mattina,0,Free,1631,23,6,All Levels,0.26,0.733333333,23-11-2015,2015,11,Musical Instruments,0
1217408,Drums for Beginners,0,Free,1618,4,15,All Levels,0.55,3,19-06-2017,2017,6,Musical Instruments,0
396238,"Learn BASS GUITAR- Have Fun, Amaze Your Friends- It's Easy! ",100,Paid,1605,19,52,All Levels,0.96,2,13-02-2015,2015,2,Musical Instruments,160500
1010274,Drumming Accelerator: How To Get The Best Start Possible,200,Paid,1594,4,34,Beginner Level,0.11,1.5,18-04-2017,2017,4,Musical Instruments,318800
1170074,#10 Hand Coordination - Transfer Chord Ballad 9 - C & Bb Key,75,Paid,1593,1,41,Beginner Level,0.47,1,12-04-2017,2017,4,Musical Instruments,119475
195576,Learn To Play The Drums Without A Drum Kit,25,Paid,1589,52,39,All Levels,0.89,2,27-06-2014,2014,6,Musical Instruments,39725
242382,Learn Beethoven's Fur Elise on Piano,20,Paid,1582,11,6,All Levels,0.1,0.483333333,13-06-2014,2014,6,Musical Instruments,31640
515262,Guitar: Learn 12 Must Know Beginner Rock Guitar Riffs,50,Paid,1548,10,20,Beginner Level,0.28,2,24-09-2015,2015,9,Musical Instruments,77400
995562,Play Piano 1 Master Class Intro:  Standards 2-5 Power Chords,50,Paid,1541,14,42,All Levels,0.89,1,29-10-2016,2016,10,Musical Instruments,77050
464844,Discover Classical Guitar Level 1,25,Paid,1513,38,19,Beginner Level,0.88,1.5,21-06-2015,2015,6,Musical Instruments,37825
104304,"Learn To Play The Piano Using Pop, R&B and Gospel Chords",50,Paid,1504,15,14,All Levels,0.71,0.683333333,15-10-2013,2013,10,Musical Instruments,75200
971962,Learn Guitar: Zero to Guitar Fingerpicking in 30 days,50,Paid,1495,26,36,All Levels,0.78,2.5,28-12-2016,2016,12,Musical Instruments,74750
631416,Learn Fun Dreamy Piano Techniques #1 -  Play White Christmas,80,Paid,1474,10,102,Beginner Level,0.43,2,20-10-2015,2015,10,Musical Instruments,117920
801486,Playing Piano:  Popular Pieces Vol. II,150,Paid,1472,4,24,Beginner Level,0.3,1.5,31-03-2016,2016,3,Musical Instruments,220800
917432,The Professional Bass Masterclass,200,Paid,1449,136,88,All Levels,0.68,7,24-10-2016,2016,10,Musical Instruments,289800
372416,"Piano: Learn 48 chords in 1 hour,  and always remember how",120,Paid,1424,71,16,All Levels,0.48,1.5,28-12-2014,2014,12,Musical Instruments,170880
1041176,Fun Beginner Ukulele Course,55,Paid,1409,41,17,Intermediate Level,0.69,1.5,21-12-2016,2016,12,Musical Instruments,77495
384928,101 Blues riffs - learn how the harmonica superstars do it,200,Paid,1350,65,55,All Levels,0.55,6.5,04-01-2015,2015,1,Musical Instruments,270000
710420,Step by Step Tabla Course- Indian Drums,20,Paid,1337,17,21,All Levels,0.4,1,18-01-2016,2016,1,Musical Instruments,26740
640496,Teaching Music : Start teaching an instrument successfully.,30,Paid,1337,5,18,All Levels,0.55,1.5,16-10-2015,2015,10,Musical Instruments,40110
902474,CAGED Pentatonic System for Guitar - Level 1,45,Paid,1329,52,35,Beginner Level,0.96,1.5,28-07-2016,2016,7,Musical Instruments,59805
455054,Ninja Chord Changes - Master your guitar chord changes,30,Paid,1327,11,13,Intermediate Level,0.96,1.5,29-03-2015,2015,3,Musical Instruments,39810
830568,5 Exotic Guitar Scales and How to Use Them Effectively,50,Paid,1319,101,21,All Levels,0.15,1,09-08-2016,2016,8,Musical Instruments,65950
535650,Accelerate Your Guitar Learning With Metal Techniques,20,Paid,1305,25,68,Beginner Level,0.32,6.5,18-08-2015,2015,8,Musical Instruments,26100
101498,Blues Guitar Lessons - From Texas To Carolina,20,Paid,1297,12,9,Beginner Level,0.99,2.5,13-10-2013,2013,10,Musical Instruments,25940
648628,Learn Fun Dreamy Piano Techniques # 2 - Play Silver Bells,80,Paid,1284,6,99,Beginner Level,0.96,2,26-10-2015,2015,10,Musical Instruments,102720
112314,Acoustic Blues Guitar Lessons,125,Paid,1284,136,40,All Levels,0.78,12.5,28-11-2013,2013,11,Musical Instruments,160500
606494,The 80/20 Beginner Guitar Course,50,Paid,1269,27,51,All Levels,0.88,3,28-04-2016,2016,4,Musical Instruments,63450
660460,Piano for Complete Beginners: Learn your first song today!,40,Paid,1268,10,30,Beginner Level,0.75,1,10-11-2015,2015,11,Musical Instruments,50720
1009802,Play Piano 8 - Play Over the Rainbow by Ear & Free Improvise,50,Paid,1249,6,69,All Levels,0.34,1.5,14-11-2016,2016,11,Musical Instruments,62450
27681,Piano Improvisation from Day One,20,Paid,1249,37,21,Beginner Level,0.19,3,01-03-2013,2013,3,Musical Instruments,24980
42251,Blues and Advanced Guitar Lessons,85,Paid,1235,46,131,Beginner Level,0.01,7.5,10-06-2013,2013,6,Musical Instruments,104975
692658,Easy to play Christmas Songs for Guitar,100,Paid,1229,8,11,Intermediate Level,0.15,0.5,12-12-2015,2015,12,Musical Instruments,122900
993134,Learn Piano #10 Tritone Chord Substitution with Jazzy Sounds,60,Paid,1227,2,26,Beginner Level,0.57,0.633333333,25-10-2016,2016,10,Musical Instruments,73620
550842,16 Guitar Chords to Jam With - (Beginner - Intermediate),20,Paid,1224,19,20,All Levels,0.34,1,10-07-2015,2015,7,Musical Instruments,24480
902476,CAGED Pentatonic System for Guitar - Level 3,45,Paid,1224,17,32,Intermediate Level,0.72,1.5,28-09-2016,2016,9,Musical Instruments,55080
920194,CAGED Pentatonic System for Guitar - Level 2,45,Paid,1220,13,26,Beginner Level,0.34,1.5,26-08-2016,2016,8,Musical Instruments,54900
174562,Learn to Play Saxophone: Beginner to Pro in Under Four Hours,50,Paid,1213,158,77,Beginner Level,0.55,5,03-03-2014,2014,3,Musical Instruments,60650
997470,"Play Piano 2:  Play 'Love Me Tender By Ear with 2-5 Chords""",50,Paid,1204,8,56,Beginner Level,0.78,1.5,30-10-2016,2016,10,Musical Instruments,60200
515260,Guitar: Master The Guitar Fretboard In 6 Easy Steps,55,Paid,1203,26,10,All Levels,0.76,1,12-10-2015,2015,10,Musical Instruments,66165
972704,How to play Contemporary Piano,25,Paid,1200,35,10,Beginner Level,0.26,0.6,04-10-2016,2016,10,Musical Instruments,30000
40495,World's Fastest Piano Method - The Piano Revolution!,95,Paid,1199,58,31,Intermediate Level,0.33,2,18-02-2013,2013,2,Musical Instruments,113905
1033670,Beginner's Guitar Lessons - Crash Course for Busy Adults,50,Paid,1194,9,29,All Levels,0.53,2,02-05-2017,2017,5,Musical Instruments,59700
647336,Country Guitar Fundamentals,50,Paid,1174,39,23,Beginner Level,0.68,1.5,23-12-2016,2016,12,Musical Instruments,58700
149728,Learn Jazz Piano Today,50,Paid,1167,66,44,All Levels,0.25,3,24-01-2014,2014,1,Musical Instruments,58350
1048188,Modern Country Guitar: Technique Booster,30,Paid,1152,16,42,Beginner Level,0.35,2.5,26-01-2017,2017,1,Musical Instruments,34560
392958,Learn To Play The Drums,25,Paid,1141,88,74,Beginner Level,0.3,8.5,28-05-2015,2015,5,Musical Instruments,28525
356060,Learn Piano #8:  Use Augmented Chord Sub & Whole Tone Scales,60,Paid,1137,4,45,Beginner Level,0.34,1,23-02-2016,2016,2,Musical Instruments,68220
829962,Darbuka Drumming: Learn how to play the Darbuka Dounbek,0,Free,1094,45,11,All Levels,0.2,1,23-04-2016,2016,4,Musical Instruments,0
413182,Play By Ear #4: Play Song By Ear with 3 Chords Using Any Key,95,Paid,1064,11,110,Intermediate Level,0.96,2.5,07-02-2015,2015,2,Musical Instruments,101080
672894,Christmas Piano Songs For The Very Beginner Vol. I,40,Paid,1060,3,15,Intermediate Level,0.2,1.5,22-11-2015,2015,11,Musical Instruments,42400
783292,Guitar Chord Riot! Learn to Play Guitar Like a Guitar Jedi,75,Paid,1052,6,43,All Levels,0.07,0.5,11-03-2016,2016,3,Musical Instruments,78900
837722,Modal Theory for Guitar (Guitar Lessons from Lutz Academy),50,Paid,1039,29,9,All Levels,0.07,1.5,06-05-2016,2016,5,Musical Instruments,51950
1051856,Classical Guitar Essentials - The Basics Part 2,95,Paid,1030,1,44,Intermediate Level,0.47,4.5,03-03-2017,2017,3,Musical Instruments,97850
670640,31 Day Guitar Challenge,40,Paid,1029,22,32,Intermediate Level,0.09,3.5,30-11-2015,2015,11,Musical Instruments,41160
517366,Guitar for Beginners - Learn the Basics,20,Paid,1026,13,19,All Levels,0.78,0.516666667,12-06-2015,2015,6,Musical Instruments,20520
552700,Your Second Course on Piano: Two Handed Playing,70,Paid,1018,12,22,All Levels,0.84,5,26-10-2015,2015,10,Musical Instruments,71260
998100,Play Piano 4: Improvise on popular song Yesterday chords,50,Paid,1018,4,63,All Levels,0.14,1.5,30-10-2016,2016,10,Musical Instruments,50900
1034080,The Circle of Fifths for Guitarists,50,Paid,1018,2,5,Beginner Level,0.14,1.5,15-12-2016,2016,12,Musical Instruments,50900
566856,Learn Monster GODJ,0,Free,991,29,12,Beginner Level,0.44,1,29-07-2015,2015,7,Musical Instruments,0
344234,Learn Piano #7- Learn Chromatic Chords & Chromatic Scale Run,60,Paid,973,8,74,Intermediate Level,0.83,2,01-02-2016,2016,2,Musical Instruments,58380
787686,Bluegrass Guitar Essentials: Webisodes 1 & 2,0,Free,970,14,9,Beginner Level,0.96,1,20-03-2016,2016,3,Musical Instruments,0
1240148,Learn all Piano Chords in all Piano Scales with logic,45,Paid,969,2,17,All Levels,0.29,1,04-06-2017,2017,6,Musical Instruments,43605
184780,Learn to Play the Trumpet: Beginner to Pro Made the Easy Way,50,Paid,966,157,145,Beginner Level,0.96,7.5,21-03-2014,2014,3,Musical Instruments,48300
574428,Fingerpicking Classics - Great songs played fingerstyle!,20,Paid,953,11,13,All Levels,0.15,2,07-08-2015,2015,8,Musical Instruments,19060
1120410,#5  Piano Hand Coordination:  Piano Runs in 2 Beats Eb Key,75,Paid,940,3,32,All Levels,1,0.616666667,21-02-2017,2017,2,Musical Instruments,70500
956102,Guitar Lessons for complete beginners - super simple and fun,20,Paid,936,9,12,Beginner Level,0.44,0.666666667,12-09-2016,2016,9,Musical Instruments,18720
505126,Discover Classical Guitar Level 2,75,Paid,927,35,123,All Levels,0.24,11.5,01-09-2015,2015,9,Musical Instruments,69525
1257976,Your First 10 Guitar Lessons - Learn how to play guitar,0,Free,924,4,18,All Levels,0.72,1,29-06-2017,2017,6,Musical Instruments,0
173776,Ultimate Blues Guitar Beginner Lessons,20,Paid,922,57,90,Beginner Level,0.17,10.5,08-03-2014,2014,3,Musical Instruments,18440
708696,Instant Bodhran - part one; learn the basics of drumming now,30,Paid,920,31,9,All Levels,0.06,1,12-01-2016,2016,1,Musical Instruments,27600
769270,Beginner Step by Step Keharwa Theka Tabla Course,20,Paid,916,26,16,All Levels,0.4,0.666666667,22-02-2016,2016,2,Musical Instruments,18320
1253224,Pentatonic Scale Crash Course for Bass Guitar,0,Free,898,6,24,Beginner Level,0.4,1,15-06-2017,2017,6,Musical Instruments,0
970462,Ukelele exprés: aprende a tocar en menos de un mes,0,Free,888,64,25,Beginner Level,0.4,1.5,17-10-2016,2016,10,Musical Instruments,0
403078,Percussive Fingerstyle Guitar,50,Paid,886,43,74,Intermediate Level,0.57,1.5,02-02-2015,2015,2,Musical Instruments,44300
338926,Learn to Play Clarinet: Beginner to Pro in Under Five Hours,50,Paid,877,93,88,All Levels,0.85,6,01-01-2015,2015,1,Musical Instruments,43850
692812,Play all major scales by ear - no notation required!,40,Paid,868,8,62,All Levels,0.55,3.5,15-12-2015,2015,12,Musical Instruments,34720
412970,Classical Guitar Essentials - The Basics Part 1,65,Paid,861,19,52,Beginner Level,0.11,4.5,04-05-2016,2016,5,Musical Instruments,55965
1116700,#4 Piano Hand Coordination: Fun Piano Runs in 2 Beats C Key,75,Paid,850,3,43,All Levels,0.39,1,21-02-2017,2017,2,Musical Instruments,63750
560662,Instant Harmonica - how to get single notes in 5 easy steps,20,Paid,835,10,7,All Levels,0.37,0.633333333,22-07-2015,2015,7,Musical Instruments,16700
663810,Piano Runs & Fills #4: C6 Rolling Waves & Waterfall Runs,70,Paid,834,3,35,All Levels,0.63,1,10-11-2015,2015,11,Musical Instruments,58380
1000966,Play Piano 5: Improvise on Misty Eb Key Runs & 2-5 Chords,50,Paid,833,6,70,Beginner Level,0.07,1.5,03-11-2016,2016,11,Musical Instruments,41650
643970,Instant Harmonica - Christmas. Play Jingle Bells Part 1 now,20,Paid,823,11,10,All Levels,0.07,0.7,11-12-2015,2015,12,Musical Instruments,16460
793234,Piano From Zero To Pro - Beginner Essentials To The Piano,70,Paid,811,129,52,All Levels,0.07,3.5,16-03-2016,2016,3,Musical Instruments,56770
996888,Play Piano 3: Improvise Chords to Enchanted Evening by Ear,50,Paid,809,5,57,All Levels,0.07,1.5,30-10-2016,2016,10,Musical Instruments,40450
552650,Beginner Piano,20,Paid,776,79,89,Beginner Level,0.07,4,05-08-2015,2015,8,Musical Instruments,15520
656364,Piano Runs & Fills #1: Play Dreamy Whole Tone Scale Runs,70,Paid,769,10,33,All Levels,0.07,1,02-11-2015,2015,11,Musical Instruments,53830
661814,Piano Runs & Fills #3:  Jazzy Chromatic Chord Song Endings,70,Paid,747,5,28,All Levels,0.07,1,10-11-2015,2015,11,Musical Instruments,52290
657518,Cracking the Violin Code!,120,Paid,746,82,40,Intermediate Level,0.07,5.5,17-11-2015,2015,11,Musical Instruments,89520
26648,Play Guitar and Understand Music Quick & Easy in 28 Days!,20,Paid,738,6,64,All Levels,0.07,9.5,13-10-2012,2012,10,Musical Instruments,14760
182940,Modern Piano Lessons For Beginners,20,Paid,736,6,46,Beginner Level,0.07,5,01-04-2014,2014,4,Musical Instruments,14720
206332,Rock Drumset Grooves: Level 1,20,Paid,709,12,38,All Levels,0.07,2,02-09-2014,2014,9,Musical Instruments,14180
324224,Learn to Play the Flute: Beginner to Pro in Under Five Hours,50,Paid,707,116,108,All Levels,0.07,7,29-10-2014,2014,10,Musical Instruments,35350
1000988,Play Piano 6 -Improvise on The Way We Were with Power Chords,50,Paid,701,4,62,Beginner Level,0.07,1.5,03-11-2016,2016,11,Musical Instruments,35050
64585,Gospel Piano Essentials,30,Paid,668,39,46,Beginner Level,0.07,11.5,11-07-2013,2013,7,Musical Instruments,20040
1254852,How to Play Piano - Your First Lesson!,0,Free,662,7,13,All Levels,0.07,0.516666667,24-06-2017,2017,6,Musical Instruments,0
585946,Beginner Guitar Lessons by Paul Gronow,50,Paid,659,4,46,All Levels,0.07,3.5,02-03-2016,2016,3,Musical Instruments,32950
650836,Introduction to Ukulele 1,20,Paid,630,25,27,Beginner Level,0.07,1,01-12-2015,2015,12,Musical Instruments,12600
564446,Instant Harmonica - play two Star Wars themes in 30 minutes,20,Paid,605,21,11,Intermediate Level,0.07,0.7,28-07-2015,2015,7,Musical Instruments,12100
342398,Learn the Violin - No Music Experience Necessary!,120,Paid,600,27,30,Beginner Level,0.07,3,02-09-2015,2015,9,Musical Instruments,72000
149716,"Learn to Play Fernando Sor's 'Study in B minor"",https://www.udemy.com/study-in-b-minor/,true,115,1403,5,9,Intermediate Level,43 mins,2014-01-27T20:58:16Z
398746,Piano: The Chord Based System - Learn To Play As The Pros Do""",115,Paid,595,20,33,Beginner Level,0.07,2,09-02-2015,2015,2,Musical Instruments,68425
301686,"Super Beginner Guitar - start right, start awesome",30,Paid,594,3,33,All Levels,0.07,2,26-11-2014,2014,11,Musical Instruments,17820
825186,Bossa Nova - Guitar for Beginners,20,Paid,589,6,8,Beginner Level,0.07,1,19-04-2016,2016,4,Musical Instruments,11780
808292,Take your double bass drum technique to the next level,40,Paid,584,7,196,All Levels,0.07,5.5,16-05-2016,2016,5,Musical Instruments,23360
365292,Play Sonny Terry style on Harmonica and dazzle your friends!,200,Paid,582,49,51,Beginner Level,0.07,5.5,18-12-2014,2014,12,Musical Instruments,116400
1119610,Harmonica Jamz: The Only Course on Jammin' with Friends,60,Paid,568,8,65,All Levels,0.07,5,21-03-2017,2017,3,Musical Instruments,34080
938260,Piano For Singer/Songwriters 2: Pop/Rock Rhythm Immersion,100,Paid,567,37,24,Beginner Level,0.07,1.5,29-08-2016,2016,8,Musical Instruments,56700
783778,Play Violin and Fiddle for beginners - it's fun  - Course 1,20,Paid,560,8,9,All Levels,0.07,1,18-03-2016,2016,3,Musical Instruments,11200
140168,"Learn to Play Tarrega, Bach, and Sor on Classical Guitar",195,Paid,556,11,27,Beginner Level,0.07,4,27-01-2014,2014,1,Musical Instruments,108420
213532,How to speak Pianish (beginner level),30,Paid,545,5,10,All Levels,0.07,1,25-08-2014,2014,8,Musical Instruments,16350
563650,Instant Harmonica - play Scarborough Fair in 8 easy lectures,40,Paid,543,4,12,Beginner Level,0.07,1,24-07-2015,2015,7,Musical Instruments,21720
624118,Music Fundamentals: Learn Beatmaking with Pen Tapping,200,Paid,537,2,22,All Levels,0.07,2,13-11-2015,2015,11,Musical Instruments,107400
1200374,Strumming from scratch - Rhythm guitar lesson for Beginners,0,Free,530,11,13,Beginner Level,0.07,2,04-05-2017,2017,5,Musical Instruments,0
544234,Mike G's Beginner Drum Course: Part 1,35,Paid,515,14,20,All Levels,0.07,3,01-11-2015,2015,11,Musical Instruments,18025
333046,The Ultimate Method for Learning Modern Piano & Keyboards,25,Paid,512,3,151,All Levels,0.07,2.5,03-11-2014,2014,11,Musical Instruments,12800
578750,Learn 4 Vital things that will make your DRUM PLAYING EASIER,35,Paid,510,1,8,All Levels,0.07,0.616666667,13-08-2015,2015,8,Musical Instruments,17850
347104,Learn to Play the Oboe: Beginner to Pro in Under Four Hours,50,Paid,500,39,74,Beginner Level,0.07,5,01-01-2015,2015,1,Musical Instruments,25000
567558,Instant Harmonica - play Amazing Grace with grace and ease!,40,Paid,496,6,14,Intermediate Level,0.07,1,01-08-2015,2015,8,Musical Instruments,19840
660690,Piano Building Blocks: Learn the 24 Most Common Chords,50,Paid,492,10,17,Beginner Level,0.07,1.5,07-03-2016,2016,3,Musical Instruments,24600
1159988,Electric Guitar for Beginners - RockStarter Level 1,40,Paid,491,5,29,Intermediate Level,0.07,2.5,30-03-2017,2017,3,Musical Instruments,19640
151027,"Introduction to Guitar 'A Course for Beginners"",https://www.udemy.com/introduction-to-guitar/,true,25,163,11,56,Beginner Level,2.5 hours,2014-10-30T15:59:39Z
650804,Guitar  Master Class Learning How to Play Guitar from A to Z""",40,Paid,489,5,35,Beginner Level,0.07,4,26-10-2015,2015,10,Musical Instruments,19560
1193886,#12 Hand Coordination: Let your Hands dance with Ballad 9,75,Paid,482,1,47,All Levels,0.07,1.5,26-04-2017,2017,4,Musical Instruments,36150
375830,Guitarra Desde Cero - PARTE 1,35,Paid,480,12,123,All Levels,0.07,7,27-12-2014,2014,12,Musical Instruments,16800
1194244,How To Play Guitar - For Absolute Beginners,35,Paid,478,3,18,Beginner Level,0.07,1,01-05-2017,2017,5,Musical Instruments,16730
411986,"Rapidly Learn & Master Acoustic Guitar, Classic Fingerstyle",30,Paid,478,3,31,All Levels,0.07,0.7,06-02-2015,2015,2,Musical Instruments,14340
925286,Play Piano To-day! - Beginner Piano Lessons For Busy People!,100,Paid,476,16,91,Beginner Level,0.07,4,01-11-2016,2016,11,Musical Instruments,47600
755198,Rockabilly Guitar For Beginners,40,Paid,475,125,36,Beginner Level,0.07,2,21-02-2016,2016,2,Musical Instruments,19000
602450,6 Must Know Tricks to Successful Solos,35,Paid,469,38,30,All Levels,0.07,4,28-09-2015,2015,9,Musical Instruments,16415
217978,ブルースギター入門,0,Free,462,6,23,Intermediate Level,0.07,3.5,17-05-2014,2014,5,Musical Instruments,0
263818,Learn to Play French Horn: Beginner to Pro Made the Easy Way,50,Paid,460,27,131,Beginner Level,0.07,8,29-10-2014,2014,10,Musical Instruments,23000
559438,Instant Harmonica – play Beethoven’s Ode to Joy right now!,20,Paid,455,3,11,All Levels,0.07,1,22-07-2015,2015,7,Musical Instruments,9100
831294,Make Your Own Ukulele,85,Paid,452,5,23,Beginner Level,0.07,4.5,29-08-2016,2016,8,Musical Instruments,38420
1132694,Introduction to Gypsy Jazz Guitar,95,Paid,452,10,18,Expert Level,0.07,2.5,14-05-2017,2017,5,Musical Instruments,42940
895244,CAGED System for Guitar (Guitar Lessons from Lutz Academy),50,Paid,450,15,7,Beginner Level,0.07,1.5,25-07-2016,2016,7,Musical Instruments,22500
1008054,Play Piano 7: Improvise on For All We Know in F Key by Ear,50,Paid,438,3,77,All Levels,0.07,1.5,10-11-2016,2016,11,Musical Instruments,21900
199500,Play Autumn Leaves' falling notes on piano with no reading!,30,Paid,438,10,12,All Levels,0.07,0.566666667,29-04-2014,2014,4,Musical Instruments,13140
589248,Instant Harmonica - play Somewhere Over the Rainbow now!,40,Paid,431,2,11,All Levels,0.07,1,04-01-2016,2016,1,Musical Instruments,17240
374566,Learn to Play Percussion: Beginner to Pro made the Easy Way!,50,Paid,425,7,192,Beginner Level,0.07,6,16-01-2015,2015,1,Musical Instruments,21250
561774,Instant Harmonica - play the great Irish tune Molly Malone!,20,Paid,420,2,13,All Levels,0.07,1,23-07-2015,2015,7,Musical Instruments,8400
628798,"Learn Piano with Beyer, 15 Minutes Challenge",65,Paid,418,2,30,Beginner Level,0.07,3,21-07-2016,2016,7,Musical Instruments,27170
271652,How To Play The Djembe: For Beginners,30,Paid,414,18,19,Beginner Level,0.07,1,11-11-2014,2014,11,Musical Instruments,12420
1186514,Learn to Play Harp: Beginners Course,0,Free,408,7,10,All Levels,0.52,0.683333333,28-04-2017,2017,4,Musical Instruments,0
897162,101 Awesome Rockabilly Guitar Licks,40,Paid,407,64,33,All Levels,0.66,2.5,10-08-2016,2016,8,Musical Instruments,16280
131512,Inside Drum Technique,50,Paid,406,10,25,All Levels,0.15,2,13-12-2013,2013,12,Musical Instruments,20300
371896,Learn to Play Trombone: Go From Beginner to Pro in No Time!,50,Paid,402,47,123,All Levels,0.66,7.5,04-03-2015,2015,3,Musical Instruments,20100
769518,Instant Harmonica - play the groovy Valens La Bamba now!,20,Paid,390,4,10,Beginner Level,0.39,0.733333333,22-02-2016,2016,2,Musical Instruments,7800
467408,"How to play Djembe, Drums & Rhythm. Level 2",40,Paid,390,14,36,Beginner Level,0.18,2,23-07-2015,2015,7,Musical Instruments,15600
41890,Beginners Guide to Playing Guitar - Step-by-step System,85,Paid,384,25,98,All Levels,0.18,10.5,10-06-2013,2013,6,Musical Instruments,32640
601230,Guitar:Play 5 Easy Christmas Chord Progressions On Guitar,50,Paid,383,4,9,All Levels,0.18,1,11-11-2015,2015,11,Musical Instruments,19150
475914,Chugging - it don't mean a thing if it ain't got that swing!,200,Paid,382,21,25,Beginner Level,0.18,2.5,20-04-2015,2015,4,Musical Instruments,76400
446478,Learn basics of South Indian Carnatic Flute Step by Step,150,Paid,380,113,49,Beginner Level,0.18,4,15-04-2015,2015,4,Musical Instruments,57000
146852,"Easy Piano Basics™ - Learn Piano, No Prior Experience Needed",20,Paid,377,8,14,Beginner Level,0.18,1.5,30-01-2014,2014,1,Musical Instruments,7540
180680,Master the Saxophone: Intermediate Instruction Made Simple!,50,Paid,376,9,86,Beginner Level,0.18,5.5,17-03-2014,2014,3,Musical Instruments,18800
1196538,Piano Building Blocks: Learn Chord Additions & Variations,0,Free,375,0,9,Intermediate Level,0.18,1,02-07-2017,2017,7,Musical Instruments,0
264396,Learn How to Play the Violin - Violin Basics,20,Paid,365,10,12,All Levels,0.18,0.533333333,13-08-2014,2014,8,Musical Instruments,7300
1007396,"Play The Piano By Ear | Master Class, Learn By Doing",175,Paid,362,38,27,All Levels,0.18,2.5,12-11-2016,2016,11,Musical Instruments,63350
245722,Painless Piano!,40,Paid,353,1,30,All Levels,0.18,3.5,23-06-2014,2014,6,Musical Instruments,14120
519694,"Discover the fun of Spoon playing, a beginners course",65,Paid,353,13,25,All Levels,0.18,1,25-06-2015,2015,6,Musical Instruments,22945
1191088,Learn to play in the Key of G on any Bluegrass Instrument,0,Free,349,3,36,Beginner Level,0.18,2.5,29-05-2017,2017,5,Musical Instruments,0
638204,Playing Piano By Ear: Complete Guide for Aspiring Musicians,150,Paid,346,26,59,All Levels,0.18,4.5,20-11-2015,2015,11,Musical Instruments,51900
854696,Instant Harmonica - play Amazing Grace + Ode to Joy now!,40,Paid,341,7,23,Intermediate Level,0.18,1.5,17-06-2016,2016,6,Musical Instruments,13640
32033,Aprende batería con el nuevo método IDT,20,Paid,335,32,25,Intermediate Level,0.18,2,24-12-2012,2012,12,Musical Instruments,6700
206986,Piano Lessons for Beginners Made Easy,25,Paid,333,5,40,All Levels,0.18,3,28-05-2014,2014,5,Musical Instruments,8325
55569,Los 7 Acordes para Tocarlo Todo en un fin de semana,20,Paid,332,23,42,All Levels,0.02,2,06-07-2013,2013,7,Musical Instruments,6640
953442,Blues School! A Course For Beginners in Blues Piano & Improv,120,Paid,326,44,54,Intermediate Level,0.02,3,22-02-2017,2017,2,Musical Instruments,39120
71912,Have Fun with Beginner Blues Piano,75,Paid,321,24,27,Beginner Level,0.02,2.5,05-08-2013,2013,8,Musical Instruments,24075
470472,Learn to Play Euphonium: Beginner to Pro in Under Five Hours,50,Paid,305,39,108,Beginner Level,0.02,7,16-04-2015,2015,4,Musical Instruments,15250
664764,Mike G's Beginner Drum Course: Part 2,40,Paid,305,0,23,Intermediate Level,0.02,2.5,10-03-2016,2016,3,Musical Instruments,12200
757284,Slide Guitar- Slide Soloing Essentials,50,Paid,297,20,17,Intermediate Level,0.02,3,11-02-2016,2016,2,Musical Instruments,14850
100916,Blues Guitar Lessons - Blues Guitar - Robert Johnson,20,Paid,297,7,7,Beginner Level,0.02,2.5,07-10-2013,2013,10,Musical Instruments,5940
729464,Instant Harmonica - play the groovy Beatles Yesterday today!,40,Paid,295,7,14,All Levels,0.02,1,25-04-2016,2016,4,Musical Instruments,11800
812914,Beginner Guitar Lessons - Your Complete Foundation Course,60,Paid,293,30,162,Intermediate Level,0.02,18.5,11-04-2016,2016,4,Musical Instruments,17580
185266,Master Trumpet Playing: Intermediate Instruction Made Simple,50,Paid,292,18,130,Beginner Level,0.02,7,24-03-2014,2014,3,Musical Instruments,14600
398522,Learn the Violin - Scales and Fundamentals,80,Paid,291,14,39,Beginner Level,0.02,3,28-10-2015,2015,10,Musical Instruments,23280
324226,Master Flute Playing: Intermediate Instruction Made Simple!,50,Paid,288,15,100,All Levels,0.02,6,29-10-2014,2014,10,Musical Instruments,14400
725566,Curso de Violão Popular,25,Paid,287,42,27,Beginner Level,0.02,6,27-01-2016,2016,1,Musical Instruments,7175
861566,Instant harmonica - play Adele's wonderful 'Hello' today!,20,Paid,284,3,12,Beginner Level,0.02,1,30-05-2016,2016,5,Musical Instruments,5680
214418,Piano Lessons For The Hip Hop Fan,20,Paid,276,2,62,Intermediate Level,0.02,5.5,12-05-2014,2014,5,Musical Instruments,5520
147754,Guitar Technique Mastery: The Ultimate Chop Building Workout,20,Paid,273,4,6,Beginner Level,0.02,1.5,16-01-2014,2014,1,Musical Instruments,5460
1266892,Getting Started with the Guitar in 5 Days,0,Free,270,1,24,Beginner Level,0.02,1.5,03-07-2017,2017,7,Musical Instruments,0
12214,Back 2 The Basics,50,Paid,265,23,65,All Levels,0.02,3,19-07-2013,2013,7,Musical Instruments,13250
21080,Guitar Essentials,20,Paid,261,1,18,Expert Level,0.02,1.5,07-05-2014,2014,5,Musical Instruments,5220
336446,Circular Breathing for musicians - practical skills,25,Paid,261,4,17,Beginner Level,0.02,1.5,06-11-2014,2014,11,Musical Instruments,6525
147404,Guitar Fretboard Mastery for the Blues Guitarist,20,Paid,257,6,5,Beginner Level,0.02,1,16-01-2014,2014,1,Musical Instruments,5140
592606,Spielend Klavier lernen mit Freude und Erfolg,100,Paid,255,30,53,Intermediate Level,0.02,4,12-11-2015,2015,11,Musical Instruments,25500
759972,150 Rock Guitar Licks You MUST Know,45,Paid,252,14,21,Intermediate Level,0.02,4.5,19-02-2016,2016,2,Musical Instruments,11340
80844,Beginner Guitar - 38 Easy Lessons You Needs to Get Started,40,Paid,250,24,39,Intermediate Level,0.02,3,05-09-2013,2013,9,Musical Instruments,10000
504168,Learn Flute FAST!,45,Paid,249,33,61,All Levels,0.02,4,02-06-2015,2015,6,Musical Instruments,11205
441996,Bones of the Blues - learn 4 cool tunes to expert level now!,200,Paid,248,9,21,Beginner Level,0.02,2,09-03-2015,2015,3,Musical Instruments,49600
988678,Curso de piano 101 - Tocando partituras y acordes -,170,Paid,245,26,93,All Levels,0.02,4.5,28-10-2016,2016,10,Musical Instruments,41650
103662,Introduction to Lead Guitar,20,Paid,245,8,34,Beginner Level,0.02,1.5,26-11-2013,2013,11,Musical Instruments,4900
146450,A Year's Worth of Piano Lessons in One Weekend,20,Paid,244,25,33,Beginner Level,0.02,6,30-04-2014,2014,4,Musical Instruments,4880
764534,Guitar Lessons - Learning The Neck - Fretboard Mastery,45,Paid,239,30,49,All Levels,0.02,6,16-02-2016,2016,2,Musical Instruments,10755
277770,Electric Bass Right From The Start,100,Paid,239,1,9,All Levels,0.02,0.666666667,14-03-2016,2016,3,Musical Instruments,23900
138336,Piano The Hard Way -  Fast Way To Life Long Piano Enjoyment,25,Paid,238,3,22,Beginner Level,0.02,1,19-02-2014,2014,2,Musical Instruments,5950
99946,Fingerpicking Blues Guitar Lessons - Bottleneck Guitar,20,Paid,237,12,6,All Levels,0.02,1.5,08-10-2013,2013,10,Musical Instruments,4740
789820,Instant Harmonica - play Christmas + Birthday songs now!,40,Paid,236,0,18,All Levels,0.02,1.5,18-05-2016,2016,5,Musical Instruments,9440
344348,Master the Clarinet: Intermediate Instruction Made Simple!,50,Paid,232,11,97,All Levels,0.02,7,01-01-2015,2015,1,Musical Instruments,11600
373636,Master the Trombone: Intermediate Instruction Made Simple!,50,Paid,231,7,110,Beginner Level,0.02,9,04-03-2015,2015,3,Musical Instruments,11550
207440,Super-Curso de Guitarra Práctico Para Principiantes,85,Paid,228,26,215,Beginner Level,0.02,10.5,30-06-2014,2014,6,Musical Instruments,19380
214328,Piano Lessons for the R&B Fan,20,Paid,228,2,64,Intermediate Level,0.02,8,13-05-2014,2014,5,Musical Instruments,4560
459804,Learn to Play the Tuba: Beginner to Pro in Under Five Hours!,50,Paid,225,19,106,All Levels,0.02,6,15-04-2015,2015,4,Musical Instruments,11250
1048302,Learn Travis Picking From Scratch,40,Paid,219,30,25,All Levels,0.02,1.5,01-01-2017,2017,1,Musical Instruments,8760
184324,Advanced Saxophone Studies - Learn to Master the Saxophone!,50,Paid,215,5,80,Beginner Level,0.02,4,18-03-2014,2014,3,Musical Instruments,10750
589900,The 7 Day Guitar Method,20,Paid,213,4,11,All Levels,0.02,2.5,26-10-2015,2015,10,Musical Instruments,4260
631444,Aprendiendo piano: Lectura de piezas clásicas Vol.I,50,Paid,211,12,30,All Levels,0.02,1.5,08-10-2015,2015,10,Musical Instruments,10550
90132,Didgeridoo - from zero to HERO! Part Three. Advanced level.,35,Paid,209,5,19,All Levels,0.02,1.5,10-10-2014,2014,10,Musical Instruments,7315
605074,Advanced Flute Studies - Learn to Master the Flute!​,50,Paid,205,4,95,Beginner Level,0.02,5,07-09-2015,2015,9,Musical Instruments,10250
457206,Learn to Play Bassoon: Beginner to Pro in Under Four Hours!,50,Paid,205,11,77,Beginner Level,0.02,5,15-04-2015,2015,4,Musical Instruments,10250
263672,Classical Guitar Finger-Picking: Right Hand Arpeggios,195,Paid,200,11,19,All Levels,0.02,2,24-07-2014,2014,7,Musical Instruments,39000
760066,Blues Guitar Lessons - Volume 1 - Blues Shuffle Essentials,45,Paid,198,21,15,Intermediate Level,0.39,2.5,12-02-2016,2016,2,Musical Instruments,8910
761584,Guitar Lessons - Soloing With Arpeggios - Essential Guide,45,Paid,198,11,34,All Levels,0.11,5,13-02-2016,2016,2,Musical Instruments,8910
459468,Advanced Bassoon Studies - Learn to Master the Bassoon!​,50,Paid,197,0,106,Intermediate Level,0.8,6.5,15-04-2015,2015,4,Musical Instruments,9850
344180,Play the Jews Harp - instant skills for non musicians.,25,Paid,196,16,35,All Levels,0.96,2.5,22-01-2015,2015,1,Musical Instruments,4900
665278,Walking Bass - Quick Start Guide,50,Paid,193,20,31,Beginner Level,0.76,1,10-12-2015,2015,12,Musical Instruments,9650
933666,How to play in a local Irish music session with confidence,40,Paid,193,5,8,All Levels,0.07,1,18-08-2016,2016,8,Musical Instruments,7720
42255,Old-Time Banjo for the Absolute Beginner,25,Paid,192,21,17,All Levels,0.3,1.5,12-03-2014,2014,3,Musical Instruments,4800
647276,Acoustic Blues Guitar Lessons,75,Paid,189,18,101,All Levels,0.04,4.5,10-01-2016,2016,1,Musical Instruments,14175
966522,Curso de ejercicios técnicos al piano Vol.1,60,Paid,186,9,24,All Levels,0.11,1.5,30-09-2016,2016,9,Musical Instruments,11160
725906,Piano Lessons For Beginners: Learn Piano Quickly And Easily,75,Paid,186,35,56,Beginner Level,0.54,3,05-02-2016,2016,2,Musical Instruments,13950
876396,Guitar Fretboard Secrets,55,Paid,186,13,35,All Levels,0.54,2,01-12-2016,2016,12,Musical Instruments,10230
615226,"Play Leyenda, Canarios, and Bach on Classical Guitar",195,Paid,185,8,70,Beginner Level,0.76,7.5,05-11-2015,2015,11,Musical Instruments,36075
188498,Advanced Trumpet Studies - Learn to Master the Trumpet!​,50,Paid,184,4,82,All Levels,0.2,4,26-03-2014,2014,3,Musical Instruments,9200
459888,Master the Tuba - Intermediate Instruction Made Simple!,50,Paid,184,5,107,Beginner Level,0.23,8.5,15-04-2015,2015,4,Musical Instruments,9200
175278,How to Design Your Own Guitar,50,Paid,181,34,32,Beginner Level,0.8,5,25-06-2014,2014,6,Musical Instruments,9050
198692,Acoustic Guitar After The Basics,45,Paid,181,17,25,Intermediate Level,0.69,2.5,20-11-2014,2014,11,Musical Instruments,8145
820086,Bass Guitar Lessons For Beginners,95,Paid,180,21,38,Beginner Level,0.55,2.5,26-04-2016,2016,4,Musical Instruments,17100
760300,Blues Guitar Lessons - Volume 2 - Slow Blues Essentials,45,Paid,178,21,11,Intermediate Level,0.49,2,13-02-2016,2016,2,Musical Instruments,8010
459207,Master the Bassoon - Intermediate Instruction Made Simple!,50,Paid,177,3,102,Beginner Level,0.11,7.5,15-04-2015,2015,4,Musical Instruments,8850
459926,Advanced Tuba Studies - Become a Master of the Tuba!​,50,Paid,173,0,63,All Levels,0.89,5,15-04-2015,2015,4,Musical Instruments,8650
823494,Comment jouer du Pianoforte,100,Paid,172,2,41,All Levels,0.2,3,02-05-2016,2016,5,Musical Instruments,17200
743634,Piano With Willie: Blues n' Boogie Vol. 1,40,Paid,172,26,15,All Levels,0.75,2.5,13-04-2016,2016,4,Musical Instruments,6880
62252,"Improvise Puccini´s 'E Lucevan le Stelle on Piano""",20,Paid,169,3,16,Beginner Level,0.49,2,21-10-2013,2013,10,Musical Instruments,3380
459946,Tuba Solos: Learn how to Perform Three Fun and Unique Pieces,50,Paid,164,0,20,All Levels,0.88,2,15-04-2015,2015,4,Musical Instruments,8200
139790,Bending the blue notes to give you killer sound on harmonica,35,Paid,162,3,14,All Levels,0.8,2,02-03-2014,2014,3,Musical Instruments,5670
286898,"Aprende a tocar el Acordeón 'de oído y con técnica"",https://www.udemy.com/aprende-a-tocar-el-acordeon-de-oido-y-con-tecnica/,true,25,93,21,34,Beginner Level,4 hours,2014-09-16T19:51:45Z
263432,Aprende los Secretos de la Armónica con HARP&SOUL""",75,Paid,158,17,59,All Levels,0.39,2.5,28-07-2014,2014,7,Musical Instruments,11850
618586,"Flute Solos: Learn how to Perform Three Fun, Unique Pieces",50,Paid,156,4,62,All Levels,0.26,3,22-09-2015,2015,9,Musical Instruments,7800
331970,Learn Oud 1 (No Prior Music Knowledge Required!),20,Paid,153,27,38,Intermediate Level,0.57,3.5,10-09-2015,2015,9,Musical Instruments,3060
1105904,Learn How To Play 25 Classic Hip Hop Songs,25,Paid,153,9,27,All Levels,1,2.5,13-02-2017,2017,2,Musical Instruments,3825
644654,Learn Basics of South Indian Carnatic Flute - Level 2,180,Paid,152,21,91,All Levels,0.02,4.5,03-03-2016,2016,3,Musical Instruments,27360
320238,Jazz piano improvisation: The girl form Ipanema. Bossa nova,30,Paid,151,1,5,All Levels,0.02,0.55,16-10-2014,2014,10,Musical Instruments,4530
373556,Advanced Clarinet Studies - Learn to Master the Clarinet!,50,Paid,148,3,77,Beginner Level,0.94,4.5,01-01-2015,2015,1,Musical Instruments,7400
184088,Sax Solos: Learn how to Perform Three Fun and Unique Pieces!,50,Paid,147,4,39,All Levels,0.3,1,17-03-2014,2014,3,Musical Instruments,7350
153230,Swing Low - The 101 Authentic Nashville Piano Style Course,20,Paid,146,5,15,Intermediate Level,0.61,1,30-01-2014,2014,1,Musical Instruments,2920
630734,How To Play The Cajon: For Beginners,30,Paid,144,15,25,All Levels,0.38,1.5,18-12-2015,2015,12,Musical Instruments,4320
476000,Easy Piano for Kids - Complete Beginner Piano Course,115,Paid,139,8,104,All Levels,0.61,5.5,26-06-2015,2015,6,Musical Instruments,15985
53157,Beginning Flute Lessons,20,Paid,137,12,17,All Levels,0.34,2.5,29-05-2013,2013,5,Musical Instruments,2740
869312,TAKE NOTE BEGINNER CLARINET!  –  Fun with Fundamental Skills,30,Paid,137,2,43,Intermediate Level,0.66,4.5,13-06-2016,2016,6,Musical Instruments,4110
427066,Flamenco Guitar,25,Paid,136,20,34,All Levels,0.57,4,07-12-2015,2015,12,Musical Instruments,3400
759130,Flute Pro Series - You're about to love practicing the flute,50,Paid,135,1,28,All Levels,0.01,6.5,01-04-2016,2016,4,Musical Instruments,6750
1013558,Pure Pentatonic Power: Rock and Blues Guitar Soloing,50,Paid,128,10,18,Intermediate Level,0.48,2,27-11-2016,2016,11,Musical Instruments,6400
1158690,"Instant Harmonica - Basic 12 Bar Blues course, easy and fun!",40,Paid,124,8,14,All Levels,0.84,1,29-03-2017,2017,3,Musical Instruments,4960
636858,Instant Harmonica - play the gorgeous Skye Boat Song now!,20,Paid,122,9,11,Beginner Level,0.15,0.633333333,18-10-2015,2015,10,Musical Instruments,2440
646918,Aprendiendo Piano: Tocando piezas populares Vol.I,100,Paid,122,3,59,All Levels,0.17,3.5,14-11-2015,2015,11,Musical Instruments,12200
663710,How To Build A Professional Djembe: Create Music Beauty &Biz,40,Paid,122,2,29,Intermediate Level,0.19,1.5,12-11-2015,2015,11,Musical Instruments,4880
632488,Spice up your playing with some easy Flamenco techniques!,40,Paid,120,11,47,All Levels,0.31,0.733333333,06-11-2015,2015,11,Musical Instruments,4800
470482,"Master the Euphonium with Simple, Intermediate Instruction!",50,Paid,120,6,106,All Levels,0.57,8,16-04-2015,2015,4,Musical Instruments,6000
636842,FingerstyleGuitar by Jacques Stotzem - Basic Level,30,Paid,119,12,16,Beginner Level,0.83,1.5,12-10-2015,2015,10,Musical Instruments,3570
815182,Saxophone Pro Series - You're going to love practicing Sax,50,Paid,119,4,32,All Levels,0.18,5.5,08-04-2016,2016,4,Musical Instruments,5950
13216,Aprende a Tocar Teclado - Piano,35,Paid,119,8,52,All Levels,0.96,3.5,26-01-2012,2012,1,Musical Instruments,4165
56970,Drum Set for Beginners,20,Paid,119,8,26,All Levels,0.2,3.5,02-10-2013,2013,10,Musical Instruments,2380
452514,Beginner Guitar Lessons,20,Paid,118,0,5,All Levels,0.96,1,23-03-2015,2015,3,Musical Instruments,2360
1108666,Worship Piano: From Beginner to Pro,80,Paid,117,11,32,Intermediate Level,0.12,3,18-02-2017,2017,2,Musical Instruments,9360
624662,Guitar: The Next Level,55,Paid,117,12,10,All Levels,0.57,1,02-10-2015,2015,10,Musical Instruments,6435
761938,Guitar Lessons - The Modal System - Modes Essentials,45,Paid,116,7,27,All Levels,0.55,2,14-02-2016,2016,2,Musical Instruments,5220
510098,Create Beautiful Music On The Piano Like a Pro In Minutes,95,Paid,115,17,17,Beginner Level,0.9,1.5,10-08-2015,2015,8,Musical Instruments,10925
188064,"Trumpet Solos: Learn how to Perform Three Fun, Unique Pieces",50,Paid,115,6,53,Beginner Level,0.96,2.5,25-03-2014,2014,3,Musical Instruments,5750
266682,HARP&SOUL  |  Learn the Secrets of the Harmonica,35,Paid,114,8,59,All Levels,0.78,2,01-10-2014,2014,10,Musical Instruments,3990
455676,Electric Bass for Busy Beginners Course 1,50,Paid,114,15,13,All Levels,0.55,1.5,27-04-2015,2015,4,Musical Instruments,5700
888852,Aprendiendo piano: Lectura de piezas clásicas Vol.II,40,Paid,113,4,18,Beginner Level,0.11,1.5,29-06-2016,2016,6,Musical Instruments,4520
380596,Learn Piano: The Basics of Keyboards,20,Paid,113,0,24,All Levels,0.46,1.5,03-01-2015,2015,1,Musical Instruments,2260
398224,"Classical Guitar Master Class: 'Alman  """,195,Paid,113,2,34,All Levels,0.78,2,21-04-2015,2015,4,Musical Instruments,22035
721274,Learn to Play Irish Fiddle,60,Paid,112,7,63,Expert Level,0.07,5.5,18-01-2016,2016,1,Musical Instruments,6720
773016,Piano With Willie Building Technique with Scales Vol. 1,40,Paid,111,15,12,Beginner Level,0.77,1.5,13-04-2016,2016,4,Musical Instruments,4440
631480,Enseñando música: mejora tus clases de instrumento,30,Paid,111,3,18,Intermediate Level,0.2,1.5,07-10-2015,2015,10,Musical Instruments,3330
1065198,GUITAR #1: Beginner Basics and Beyond,20,Paid,111,12,64,Beginner Level,0.18,3,01-03-2017,2017,3,Musical Instruments,2220
471328,Advanced Euphonium Studies - Learn to Master the Euphonium!​,50,Paid,106,7,89,Beginner Level,0.11,6,16-04-2015,2015,4,Musical Instruments,5300
763100,Guitar Lessons - 50 Essential Fast Legato Licks,35,Paid,105,9,23,Beginner Level,0.34,3,15-02-2016,2016,2,Musical Instruments,3675
1190448,Learn Lion (Saroo) Soundtrack On The Piano By Ear,20,Paid,104,0,9,Beginner Level,0.75,0.533333333,24-04-2017,2017,4,Musical Instruments,2080
1102436,Learn 10 Scottish Tunes Piano Easy Level,45,Paid,103,1,46,All Levels,0.8,3.5,20-02-2017,2017,2,Musical Instruments,4635
315812,Gibson's Learn & Master Guitar,50,Paid,103,33,309,Expert Level,0.78,38,30-10-2014,2014,10,Musical Instruments,5150
1236562,The Piano Chord Ladder | Learn to Play Thousands of Songs,100,Paid,103,2,11,Beginner Level,0.23,1,31-05-2017,2017,5,Musical Instruments,10300
1013762,Instant Harmonica - play Leonard Cohen's Hallelujah now!,40,Paid,100,15,14,All Levels,0.45,1.5,20-11-2016,2016,11,Musical Instruments,4000
139784,Learn to improvise on your harmonica - in nice easy steps,35,Paid,98,1,15,All Levels,0.6,2,16-03-2014,2014,3,Musical Instruments,3430
349142,Master Oboe Playing: Intermediate Instruction Made Simple!,50,Paid,98,6,73,Intermediate Level,0.34,5.5,01-01-2015,2015,1,Musical Instruments,4900
939668,Learn 3 - All Time A R Rahman Hits on Carnatic Flute!,70,Paid,98,18,31,All Levels,1,2.5,13-12-2016,2016,12,Musical Instruments,6860
761122,Blues Guitar Lessons - Volume 3 - Minor Blues Essentials,45,Paid,98,5,14,Beginner Level,0.22,2,13-02-2016,2016,2,Musical Instruments,4410
1182624,Play Thousands of Songs On The Guitar | Cheater Chords,100,Paid,97,5,12,Beginner Level,0.66,1,19-04-2017,2017,4,Musical Instruments,9700
810576,Clarinet Pro Series - Fall in love with the Clarinet,50,Paid,95,3,30,All Levels,0.13,6,08-04-2016,2016,4,Musical Instruments,4750
743674,Piano With Willie: Blues n' Boogie Vol. 2,40,Paid,95,8,11,All Levels,0.14,2.5,13-04-2016,2016,4,Musical Instruments,3800
326310,Get Piano Skills TODAY!!!,100,Paid,92,5,71,All Levels,0.3,3.5,05-11-2014,2014,11,Musical Instruments,9200
823860,Trumpet Pro Series - You're going to love practicing Trumpet,50,Paid,92,1,25,All Levels,0.89,6,22-04-2016,2016,4,Musical Instruments,4600
149602,Learn To Play Trumpet Fast Using The Passive Trumpet Tutor,50,Paid,92,3,71,Beginner Level,0.94,1.5,27-01-2014,2014,1,Musical Instruments,4600
471352,"Euphonium Solos: Learn to Perform Three Fun, Unique Pieces!",50,Paid,90,2,61,All Levels,0.18,2.5,16-04-2015,2015,4,Musical Instruments,4500
807494,Learn the Violin - Bowing Techniques,80,Paid,89,6,12,Expert Level,0.96,0.666666667,26-06-2016,2016,6,Musical Instruments,7120
1037868,Digital Pianist Course-Learn Piano & Keyboard Fast & Easy,150,Paid,89,7,35,All Levels,0.67,3,26-12-2016,2016,12,Musical Instruments,13350
619856,French Horn Solos: Learn how to Perform Three Fun Pieces!,50,Paid,88,1,48,Intermediate Level,0.15,3,24-09-2015,2015,9,Musical Instruments,4400
893056,Didgeridoo - from zero to HERO! Part One - beginning,35,Paid,87,11,38,Beginner Level,0.47,3,02-07-2016,2016,7,Musical Instruments,3045
1045886,Learn Acoustic Guitar for Worship,40,Paid,86,18,26,All Levels,0.56,2,23-01-2017,2017,1,Musical Instruments,3440
932804,Improvise On The Piano In 30 Minutes,40,Paid,85,8,19,Beginner Level,0.89,1.5,18-08-2016,2016,8,Musical Instruments,3400
922828,Aprenda a tocar Pandeiro - Curso Iniciante - Samba/Choro,90,Paid,85,22,20,Beginner Level,0.19,2,21-08-2016,2016,8,Musical Instruments,7650
782460,Aprende escalas y arpegios  Vol. I: Modo mayor,50,Paid,85,2,30,Beginner Level,0.75,1.5,31-03-2016,2016,3,Musical Instruments,4250
22825,Beginner Guitar Method,200,Paid,85,2,23,All Levels,0.04,4,31-10-2012,2012,10,Musical Instruments,17000
743884,Piano With Willie: Blues n' Boogie Vol. 3,40,Paid,84,4,10,Intermediate Level,0.78,2.5,13-04-2016,2016,4,Musical Instruments,3360
297930,The art of piano improvisation,20,Paid,83,4,9,Beginner Level,0.24,0.666666667,19-09-2014,2014,9,Musical Instruments,1660
760698,Funk Rhythm Guitar Techniques,35,Paid,82,6,7,Beginner Level,0.51,1.5,17-02-2016,2016,2,Musical Instruments,2870
1134842,Easy Guitar Songwriting And Harmony,20,Paid,82,3,62,Beginner Level,0.74,3.5,14-03-2017,2017,3,Musical Instruments,1640
607360,Learn Oud 2,20,Paid,81,11,27,Intermediate Level,0.05,3,10-09-2015,2015,9,Musical Instruments,1620
705890,Instant Harmonica - play Dylan's Blowing in the Wind today!,20,Paid,81,5,14,Beginner Level,0.76,1,12-01-2016,2016,1,Musical Instruments,1620
586490,Instant Harmonica - play Summertime in 8 fun & easy lessons,40,Paid,81,7,11,Beginner Level,0.18,1,19-08-2015,2015,8,Musical Instruments,3240
625974,Total beginner to intermediate guitar - Learn to play by ear,45,Paid,80,4,112,Intermediate Level,0.03,3,16-10-2015,2015,10,Musical Instruments,3600
902480,Pure Rock Guitar : Play Like the Gods of Rock!,45,Paid,80,5,24,All Levels,0.55,4.5,29-07-2016,2016,7,Musical Instruments,3600
139794,Killer Harmonica sounds using the tongue and bending notes,35,Paid,80,2,16,Beginner Level,0.94,2,17-03-2014,2014,3,Musical Instruments,2800
139772,How to play easy tunes on the harmonica - just the basics,35,Paid,79,3,15,All Levels,0.8,1.5,25-02-2014,2014,2,Musical Instruments,2765
846962,Slap Bass For Beginners,50,Paid,79,3,25,Beginner Level,0.94,1.5,23-06-2016,2016,6,Musical Instruments,3950
147174,Blues Accelerator - 21 Days to Blues Guitar Mastery,50,Paid,78,6,45,All Levels,0.3,7,16-01-2014,2014,1,Musical Instruments,3900
888668,How to Sing and Play the Guitar (at the same time),20,Paid,78,8,24,Intermediate Level,0.11,1.5,18-07-2016,2016,7,Musical Instruments,1560
82960,Mastering the Art of Guitar Chords,20,Paid,78,0,18,Beginner Level,0.11,1.5,18-11-2013,2013,11,Musical Instruments,1560
638100,Fingerstyle Guitar by Jacques Stotzem - Advanced Level,30,Paid,77,4,14,All Levels,0.11,2,13-10-2015,2015,10,Musical Instruments,2310
742764,Piano With Willie: Basics of Improvisation,40,Paid,76,4,23,All Levels,0.11,3.5,13-04-2016,2016,4,Musical Instruments,3040
106358,Learn To Play Guitar Complete Beginners Quick Start,20,Paid,75,0,11,Beginner Level,0.11,1,16-10-2013,2013,10,Musical Instruments,1500
644820,Fingerpicking Fundamentals,20,Paid,75,7,22,Beginner Level,0.11,1.5,01-11-2015,2015,11,Musical Instruments,1500
201894,Add Slide To Your Guitar Playing,20,Paid,75,2,27,Intermediate Level,0.11,0.733333333,28-05-2014,2014,5,Musical Instruments,1500
762648,Guitar Lessons - Sweep Picking Arpeggio Essentials,35,Paid,74,6,13,All Levels,0.11,1.5,15-02-2016,2016,2,Musical Instruments,2590
139792,Learn to play tunes by ear on harmonica - no written music,35,Paid,73,3,15,All Levels,0.11,2,23-03-2014,2014,3,Musical Instruments,2555
1101522,Cajon Step-by-Step: Beginner > Intermediate > Advanced,35,Paid,73,9,45,Intermediate Level,0.11,3,13-02-2017,2017,2,Musical Instruments,2555
139778,Play tunes on harmonica and learn how to bend some notes,35,Paid,73,2,16,Beginner Level,0.11,2,09-03-2014,2014,3,Musical Instruments,2555
782458,Aprendiendo Piano: Tocando piezas populares Vol.II,100,Paid,72,2,24,Beginner Level,0.11,1.5,31-03-2016,2016,3,Musical Instruments,7200
139788,Starting to play the blues on your harmonica in easy steps,35,Paid,71,3,16,All Levels,0.11,2,01-03-2014,2014,3,Musical Instruments,2485
222062,Tenor Banjo,40,Paid,70,6,18,All Levels,0.11,1,17-06-2015,2015,6,Musical Instruments,2800
210020,Drum Lessons For Beginners,50,Paid,70,2,17,All Levels,0.11,1.5,17-05-2014,2014,5,Musical Instruments,3500
597868,こどもギターレッスン　リトルギタリストⅠ,20,Paid,69,1,53,Beginner Level,0.11,3,07-11-2015,2015,11,Musical Instruments,1380
263846,Master the French Horn: Intermediate Instruction Made Simple,50,Paid,68,8,126,Beginner Level,0.11,7.5,29-10-2014,2014,10,Musical Instruments,3400
1003250,World Percussion: Complete Lessons for Everyone,40,Paid,68,9,56,Intermediate Level,0.11,4,14-11-2016,2016,11,Musical Instruments,2720
131562,Piano With A Pro,25,Paid,66,6,38,All Levels,0.11,2.5,05-05-2014,2014,5,Musical Instruments,1650
1008098,Learn to play guitar and sing at the same time,45,Paid,66,9,8,All Levels,0.11,1,25-11-2016,2016,11,Musical Instruments,2970
1170198,Beginner Guitar Lessons: Learn To Play Guitar Today (WAVE 1),45,Paid,65,18,56,Expert Level,0.11,10,01-05-2017,2017,5,Musical Instruments,2925
430992,Mundharmonika spielen - mein schönstes Hobby,20,Paid,65,7,77,All Levels,0.11,2.5,09-06-2015,2015,6,Musical Instruments,1300
101500,Guitar Lessons - Blind Blake - King Of Ragtime Blues Guitar,20,Paid,65,5,13,Beginner Level,0.11,4,25-11-2013,2013,11,Musical Instruments,1300
743846,Guitar Looper Basic Training,45,Paid,64,13,15,All Levels,0.11,1.5,29-02-2016,2016,2,Musical Instruments,2880
444644,Learn to play the Bouzouki - Greek Bouzouki Lessons,50,Paid,63,13,49,All Levels,0.11,1,19-03-2015,2015,3,Musical Instruments,3150
1232356,Curso de ejercicios técnicos al piano Vol.2,50,Paid,62,1,22,Intermediate Level,0.11,1,29-05-2017,2017,5,Musical Instruments,3100
588264,Instant Harmonica - play The Lion Sleeps Tonight - today!,20,Paid,62,1,11,All Levels,0.11,1,21-08-2015,2015,8,Musical Instruments,1240
1223310,Aprende escalas y arpegios Vol.2 : Modo menor,50,Paid,62,1,49,Beginner Level,0.11,2.5,29-05-2017,2017,5,Musical Instruments,3100
592122,What you can learn before Piano Lessons,0,Free,61,1,31,Expert Level,0.11,1.5,01-09-2015,2015,9,Musical Instruments,0
628606,Piano Lessons for Beginners: Play the Piano AND Read Music!,70,Paid,61,9,30,Intermediate Level,0.11,4,12-02-2016,2016,2,Musical Instruments,4270
814474,Oboe Pro Series - You're going to love practicing the Oboe,50,Paid,61,5,36,All Levels,0.07,7,08-04-2016,2016,4,Musical Instruments,3050
773144,Piano With Willie Building Technique with Scales Vol. 2,40,Paid,61,3,9,All Levels,0.07,1.5,13-04-2016,2016,4,Musical Instruments,2440
519212,Awesome Lead Guitar 1,25,Paid,60,6,38,All Levels,0.07,4.5,15-12-2015,2015,12,Musical Instruments,1500
932842,Piano Lesson Variety,40,Paid,59,1,28,Beginner Level,0.07,4,18-08-2016,2016,8,Musical Instruments,2360
101504,Blues Guitar Lessons - Ragtime Blues Guitar,20,Paid,59,3,6,All Levels,0.07,2,26-11-2013,2013,11,Musical Instruments,1180
676432,Violin lessons for beginners,20,Paid,59,6,15,Beginner Level,0.07,1,25-11-2015,2015,11,Musical Instruments,1180
1002272,Blues Bass - Quick Start Guide,50,Paid,59,8,29,Beginner Level,0.07,1.5,24-11-2016,2016,11,Musical Instruments,2950
655958,Instant Harmonica - Christmas; play Jingle Bells part 2 now!,20,Paid,58,1,10,Beginner Level,0.07,0.733333333,17-12-2015,2015,12,Musical Instruments,1160
663696,Blues Guitar Lessons: Play Like the Greats - All Levels,20,Paid,58,4,47,All Levels,0.07,2.5,17-11-2015,2015,11,Musical Instruments,1160
583224,Instant Harmonica - play The Kesh (pt 1) it's easy and fun!,40,Paid,58,5,11,All Levels,0.07,0.583333333,17-08-2015,2015,8,Musical Instruments,2320
112602,"Learn Guitar The Easy Way, It's Faster",25,Paid,57,2,16,All Levels,0.07,4.5,14-11-2013,2013,11,Musical Instruments,1425
147104,Aprende a tocar Guitarra RAPIDO y FACIL con Guitarsimple,40,Paid,57,7,16,All Levels,0.07,4,22-01-2014,2014,1,Musical Instruments,2280
445118,Guitar Lesson - Five Steps to Learn Barre Chords,35,Paid,57,9,9,Beginner Level,0.07,0.55,15-03-2015,2015,3,Musical Instruments,1995
742096,Ultimate Beginner Guitar Guide - Both Acoustic & Electric,45,Paid,57,9,15,Beginner Level,0.07,2,16-02-2016,2016,2,Musical Instruments,2565
824020,Trombone Pro Series - Fall in love with the Trombone,50,Paid,57,6,57,Expert Level,0.07,7,22-04-2016,2016,4,Musical Instruments,2850
835616,Ukulele Lessons For Beginners - Fast Track Your Learning,20,Paid,57,8,28,All Levels,0.07,1,09-06-2016,2016,6,Musical Instruments,1140
744034,Piano With Willie: Jazz & Gospel Exercises,40,Paid,56,3,28,Beginner Level,0.07,2,13-04-2016,2016,4,Musical Instruments,2240
132950,Strumming the Guitar - 5 Lessons on Strum Patterns,20,Paid,56,3,10,Beginner Level,0.07,0.633333333,13-12-2013,2013,12,Musical Instruments,1120
892898,Didgeridoo - from zero to HERO! Part Two. Intermediate.,35,Paid,55,2,30,All Levels,0.07,2,02-07-2016,2016,7,Musical Instruments,1925
933818,Instant Harmonica - play the groovy Irish Washerwoman now!,40,Paid,55,8,13,All Levels,0.07,1,24-01-2017,2017,1,Musical Instruments,2200
1255114,Instant Harmonica - Learning the Basic 12 Bar Blues Bassline,40,Paid,54,6,10,All Levels,0.07,1,16-06-2017,2017,6,Musical Instruments,2160
720072,Hands On Guitar: Beyond Beginner,20,Paid,54,7,69,All Levels,0.07,3,22-01-2016,2016,1,Musical Instruments,1080
1160066,Classical Guitar Technique: 80/20,175,Paid,54,0,18,Intermediate Level,0.07,2.5,30-03-2017,2017,3,Musical Instruments,9450
584468,Instant Harmonica - play The Kesh (part 2) - easy and fun!,20,Paid,53,5,9,Beginner Level,0.07,0.583333333,17-08-2015,2015,8,Musical Instruments,1060
852426,Curso de Guitarra para Principiantes,20,Paid,53,5,39,All Levels,0.07,3,01-06-2016,2016,6,Musical Instruments,1060
1103526,Pure Modal Magic: The Complete Guitar Modes Solution,50,Paid,52,3,18,Intermediate Level,0.07,2,14-02-2017,2017,2,Musical Instruments,2600
799912,Alto Saxophone Lessons For Beginners,95,Paid,51,7,42,Beginner Level,0.07,3,23-03-2016,2016,3,Musical Instruments,4845
743932,Piano With Willie: Piano Chords Vol. 1,40,Paid,48,4,14,All Levels,0.07,2,13-04-2016,2016,4,Musical Instruments,1920
813142,Horn Pro Series - You're going to love playing French Horn,50,Paid,48,3,61,Beginner Level,0.07,8,08-04-2016,2016,4,Musical Instruments,2400
899702,Advanced Oboe Studies - Become a Master Oboist!​,50,Paid,47,0,82,All Levels,0.75,4,28-07-2016,2016,7,Musical Instruments,2350
883138,Pop and Jazz Keyboards and Harmony (beginner level),180,Paid,47,7,13,All Levels,0.11,3,12-07-2016,2016,7,Musical Instruments,8460
619610,Advanced Horn Studies - Learn to Master the French Horn!​,50,Paid,46,0,91,All Levels,0.34,7,23-09-2015,2015,9,Musical Instruments,2300
200108,Guitar for Absolute Beginners (Class 1),20,Paid,45,4,48,All Levels,0.99,1.5,01-05-2014,2014,5,Musical Instruments,900
809968,Tenor Saxophone Lessons For Beginners,95,Paid,45,5,43,Beginner Level,0.89,3,04-04-2016,2016,4,Musical Instruments,4275
762482,Guitar Lessons - Economy Picking Essentials,35,Paid,45,5,15,Beginner Level,0.11,1.5,15-02-2016,2016,2,Musical Instruments,1575
856950,Euphonium Pro Series - Fall in love with the Euphonium,50,Paid,44,2,40,Beginner Level,0.07,7.5,24-05-2016,2016,5,Musical Instruments,2200
1113170,Walking Bass Fundamentals,50,Paid,44,3,34,All Levels,0.96,2,13-03-2017,2017,3,Musical Instruments,2200
151120,Rhythm to Rock Drum Lessons,20,Paid,44,2,7,All Levels,0.8,1,02-02-2014,2014,2,Musical Instruments,880
773174,Piano With Willie Building Technique with Scales Vol. 4,40,Paid,44,0,11,All Levels,0.94,1.5,12-04-2016,2016,4,Musical Instruments,1760
1104494,Instant Harmonica - play this classic 8 bar blues tune!,40,Paid,43,4,13,Beginner Level,0.46,1,23-04-2017,2017,4,Musical Instruments,1720
620372,Piano for Kids: Developing Your Child's Creative Abilities,65,Paid,42,2,37,All Levels,0.96,4,24-10-2015,2015,10,Musical Instruments,2730
773156,Piano With Willie Building Technique with Scales Vol. 3,40,Paid,42,1,11,Beginner Level,0.88,1.5,13-04-2016,2016,4,Musical Instruments,1680
1042382,Explosão Pentatônica,55,Paid,42,5,19,Intermediate Level,0.44,1.5,22-12-2016,2016,12,Musical Instruments,2310
1066002,Leve a sua técnica de pedal duplo para um novo patamar,40,Paid,42,4,196,All Levels,0.3,5.5,16-01-2017,2017,1,Musical Instruments,1680
963094,Instant Harmonica - play the cool tune Dirty Old Town now!,40,Paid,42,8,17,All Levels,0.61,1.5,12-10-2016,2016,10,Musical Instruments,1680
701662,Instant Harmonica - play the Irish tune Whiskey in the Jar!,20,Paid,41,1,13,Beginner Level,0.8,1,28-12-2015,2015,12,Musical Instruments,820
492954,見てわかる！やさしく独習アコギ（入門編）TAKA先生のアコースティックギターレッスンⅠ,20,Paid,41,3,48,Beginner Level,0.11,2,06-07-2015,2015,7,Musical Instruments,820
762240,Guitar Lessons - Two Handed Tapping Essentials,35,Paid,41,2,11,All Levels,0.44,1.5,14-02-2016,2016,2,Musical Instruments,1435
912254,"Oboe Solos: Learn to Perform Three Fun, Unique Pieces!",50,Paid,41,0,43,Beginner Level,0.88,2,28-07-2016,2016,7,Musical Instruments,2050
23683,Guitar - Rock - Beginner with Marc Seal,20,Paid,40,1,27,Beginner Level,0.74,1,31-08-2012,2012,8,Musical Instruments,800
866528,Advanced Trombone Studies - Learn to Master the Trombone!,50,Paid,39,2,136,Beginner Level,0.11,8,05-07-2016,2016,7,Musical Instruments,1950
733922,Aprende el acordeón de oído y con técnica –Nivel Intermedio–,25,Paid,38,7,51,Beginner Level,0.11,4.5,03-02-2016,2016,2,Musical Instruments,950
1193950,Sintetizadores e Síntese Subtrativa,85,Paid,38,12,83,Beginner Level,0.11,5,02-05-2017,2017,5,Musical Instruments,3230
744080,Piano With Willie: Tritones & Phat Chords,40,Paid,37,3,19,All Levels,0.11,2,13-04-2016,2016,4,Musical Instruments,1480
1031698,You Can Play Jazz Saxophone,20,Paid,37,7,6,Beginner Level,0.11,1.5,15-03-2017,2017,3,Musical Instruments,740
430962,Brass Master Class,20,Paid,36,6,30,All Levels,0.11,2,09-06-2015,2015,6,Musical Instruments,720
812370,Bassoon Pro Series - You're going to love practicing Bassoon,50,Paid,36,0,42,Beginner Level,0.11,6.5,08-04-2016,2016,4,Musical Instruments,1800
975626,"Learn to Play 'Let It Snow on Piano""",40,Paid,36,4,8,All Levels,0.11,1,04-10-2016,2016,10,Musical Instruments,1440
23861,Guitar - Rock - Beginner/Intermediate with Marc Seal,20,Paid,36,4,40,Beginner Level,0.11,1.5,07-10-2012,2012,10,Musical Instruments,720
482334,Fingerpicking for Guitar,20,Paid,35,4,26,Beginner Level,0.11,3,14-09-2016,2016,9,Musical Instruments,700
854694,Instant Harmonica - play Star Wars + the Lion Sleeps now!,40,Paid,33,3,20,Beginner Level,0.11,1.5,13-08-2016,2016,8,Musical Instruments,1320
933816,Instant Harmonica - play Yesterday + Scarborough Fair today!,40,Paid,33,5,26,All Levels,0.11,2,26-08-2016,2016,8,Musical Instruments,1320
1036400,"Piano Unbound. Piano learning method, a course for beginners",195,Paid,32,1,39,Intermediate Level,0.11,2.5,25-04-2017,2017,4,Musical Instruments,6240
53277,Guitar for Music Educators: Learning How to Teach Guitar,20,Paid,32,3,22,All Levels,0.11,1.5,26-07-2013,2013,7,Musical Instruments,640
1102396,Instant Harmonica - play 'Can't Help Falling in Love' now!,40,Paid,32,3,11,All Levels,0.11,1,07-02-2017,2017,2,Musical Instruments,1280
743970,Piano With Willie: Piano Chords Vol. 2,40,Paid,32,2,11,Intermediate Level,0.11,1.5,13-04-2016,2016,4,Musical Instruments,1280
132878,Play Guitar with Rhythm - 5 Easy Lessons,20,Paid,31,0,10,Beginner Level,0.11,1,12-12-2013,2013,12,Musical Instruments,620
1104500,Instant Harmonica - play 12 bar blues Big Walter style now!,40,Paid,31,2,14,All Levels,0.11,1,19-05-2017,2017,5,Musical Instruments,1240
805706,Bagpipe Instruction For Beginners,30,Paid,31,4,5,All Levels,0.11,1,24-04-2016,2016,4,Musical Instruments,930
582390,Instant Harmonica - play When the Saints on harmonica now!,20,Paid,31,1,10,Beginner Level,0.11,1,14-08-2015,2015,8,Musical Instruments,620
1207112,30 Day Guitar Jump Start for Success,105,Paid,31,4,92,Intermediate Level,0.11,4,24-05-2017,2017,5,Musical Instruments,3255
602812,"Music Theory, Guitar and Ear Training",60,Paid,30,3,39,Beginner Level,0.11,3,22-11-2015,2015,11,Musical Instruments,1800
200722,Jazz Guitar Reharmonization for Autumn Leaves,20,Paid,30,1,15,All Levels,0.11,0.616666667,03-07-2014,2014,7,Musical Instruments,600
635570,A Guide to Analog Synths: For the modern EDM enthusiast.,20,Paid,29,4,37,Beginner Level,0.11,3.5,20-04-2016,2016,4,Musical Instruments,580
228268,Play music on Harmonica using 8 notes - learn easy tunes!,35,Paid,29,0,14,All Levels,0.15,1,26-05-2014,2014,5,Musical Instruments,1015
854692,Instant Harmonica - play Over the Rainbow + Skye Boat now!,40,Paid,29,4,22,Beginner Level,0.15,1.5,18-07-2016,2016,7,Musical Instruments,1160
1046768,Instant harmonica - play Auld Lang Syne the neet (tonight)!,40,Paid,28,1,13,All Levels,0.15,1,22-12-2016,2016,12,Musical Instruments,1120
719920,Hands-On Guitar: The Beginner's Guide,20,Paid,28,7,72,All Levels,0.15,4,22-01-2016,2016,1,Musical Instruments,560
931152,Instant Bodhran - part two; learning further drumming skills,40,Paid,28,1,10,Intermediate Level,0.15,1,18-08-2016,2016,8,Musical Instruments,1120
994050,Instant Harmonica - play Dylan's Like a Rolling Stone now!,40,Paid,28,2,11,All Levels,0.15,1.5,27-10-2016,2016,10,Musical Instruments,1120
741172,Piano With Willie: Jazz Kids - Vol 1,40,Paid,28,3,32,All Levels,0.15,4.5,13-04-2016,2016,4,Musical Instruments,1120
618396,Instant Harmonica - play the Drunken Sailor sea shanty now!,20,Paid,27,3,9,All Levels,0.15,0.616666667,18-10-2015,2015,10,Musical Instruments,540
1146288,Jews Harp - Advanced course,30,Paid,26,1,52,Beginner Level,0.15,3.5,30-03-2017,2017,3,Musical Instruments,780
532572,Ukulele 2 : Level 1 KEY OF C AND STRUMS,20,Paid,26,2,26,Beginner Level,0.15,1,01-02-2016,2016,2,Musical Instruments,520
681390,Practice guitar with no previous experience and become a pro,30,Paid,26,0,14,All Levels,0.15,1,13-01-2017,2017,1,Musical Instruments,780
1173716,Arpeggios for Guitar made Easy! Dominate the Fretboard,65,Paid,26,5,23,Beginner Level,0.15,3,02-05-2017,2017,5,Musical Instruments,1690
854690,Instant Harmonica - play Summertime + Drunken Sailor now!,40,Paid,26,2,20,All Levels,0.15,1.5,24-07-2016,2016,7,Musical Instruments,1040
1048182,Coach Guitar - Apprendre la GUITARE facile avec des COULEURS,50,Paid,25,1,321,Beginner Level,0.15,3.5,27-12-2016,2016,12,Musical Instruments,1250
618334,Instant Harmonica - play jazzy Autumn Leaves now (part one),20,Paid,25,1,10,Beginner Level,0.15,0.65,19-10-2015,2015,10,Musical Instruments,500
961774,ABC DO VIOLÃO E GUITARRA,85,Paid,25,2,30,All Levels,0.15,2.5,03-03-2017,2017,3,Musical Instruments,2125
1141614,The Fun and Effective Piano Course,30,Paid,24,2,38,All Levels,0.15,3.5,24-04-2017,2017,4,Musical Instruments,720
568322,How to Play Dan Fogelberg Songs on Guitar,25,Paid,24,1,49,All Levels,0.15,4.5,29-03-2016,2016,3,Musical Instruments,600
217628,Aprende a tocar el acordeón de botones,50,Paid,22,4,21,All Levels,0.15,3.5,19-05-2014,2014,5,Musical Instruments,1100
760452,Castañuelas por Sevillanas - Curso del toque de castañuelas,40,Paid,22,2,17,Beginner Level,0.15,0.716666667,12-02-2016,2016,2,Musical Instruments,880
636846,Instant Harmonica - play the old Popeye Spinach song now !,20,Paid,22,0,10,Beginner Level,0.15,0.6,19-10-2015,2015,10,Musical Instruments,440
1104496,Instant Harmonica - play this classic GAME OF THRONES theme!,40,Paid,21,2,13,Beginner Level,0.66,1,30-05-2017,2017,5,Musical Instruments,840
758216,Sistema Completo De Guitarra Rítmica Para Principiantes,55,Paid,21,3,32,All Levels,0.11,6,27-02-2016,2016,2,Musical Instruments,1155
933812,Instant Harmonica - play Whiskey in the Jar + Molly Malone!,40,Paid,21,3,27,Beginner Level,0.07,2,20-09-2016,2016,9,Musical Instruments,840
951608,Learn the Viola - Scales and Fundamentals,80,Paid,21,3,38,All Levels,0.09,2.5,16-11-2016,2016,11,Musical Instruments,1680
1146368,The Easy Beginner Drum Course,25,Paid,21,4,12,All Levels,0.88,0.5,21-03-2017,2017,3,Musical Instruments,525
171598,Rhythm to Rock Drum Lessons 2,20,Paid,21,2,11,All Levels,0.6,1,10-03-2014,2014,3,Musical Instruments,420
767400,Sevillanas con Castañuelas - Baile y toque al mismo tiempo,40,Paid,20,4,24,Beginner Level,0.48,1.5,23-02-2016,2016,2,Musical Instruments,800
1152334,Aprende a tocar el acordeón de botones,50,Paid,20,6,24,Beginner Level,0.57,2,17-05-2017,2017,5,Musical Instruments,1000
1113008,Building Up To Barre Chords,20,Paid,20,6,12,All Levels,0.48,0.716666667,16-03-2017,2017,3,Musical Instruments,400
486412,Learning Electric Guitar for Absolute Beginners,35,Paid,19,2,12,All Levels,0.34,1.5,04-05-2015,2015,5,Musical Instruments,665
618370,Instant Harmonica - play jazzy Autumn Leaves now (part two),20,Paid,19,1,9,All Levels,0.32,0.533333333,19-10-2015,2015,10,Musical Instruments,380
742300,Piano With Willie: Jazz Kids - Vol 4,40,Paid,19,0,30,All Levels,0.66,3.5,13-04-2016,2016,4,Musical Instruments,760
629704,Quick Piano Lessons - Tutorials for Drake's Greatest Hits,35,Paid,19,1,4,Beginner Level,0.66,0.55,04-10-2015,2015,10,Musical Instruments,665
749616,Alternate Picking Speed & Accuracy,20,Paid,19,4,83,Beginner Level,0.83,3.5,12-05-2016,2016,5,Musical Instruments,380
845518,Learn Piano Online-Keys to the Keyboard,50,Paid,18,1,9,Expert Level,0.34,2,12-05-2016,2016,5,Musical Instruments,900
608436,Présentation du Banjo Ténor,20,Paid,18,4,31,Beginner Level,0.3,1.5,13-09-2015,2015,9,Musical Instruments,360
218540,Aprende a tocar el violín desde cero,50,Paid,17,1,22,Beginner Level,0.25,2.5,19-05-2014,2014,5,Musical Instruments,850
812610,Trumpet Lessons For Beginners,95,Paid,17,3,35,Beginner Level,0.58,2.5,06-04-2016,2016,4,Musical Instruments,1615
201472,Keyboard Basics,25,Paid,17,1,7,Intermediate Level,0.37,2,22-04-2014,2014,4,Musical Instruments,425
741316,Piano With Willie: Jazz Kids - Vol 2,40,Paid,17,0,38,All Levels,0.13,3,13-04-2016,2016,4,Musical Instruments,680
190906,The Theory & Practice of Modes on the Guitar,35,Paid,17,0,7,Beginner Level,0.74,1.5,04-04-2014,2014,4,Musical Instruments,595
648492,Guitar Lessons : Rock Guitar in 1 Day!,50,Paid,17,4,37,All Levels,0.47,1.5,06-12-2015,2015,12,Musical Instruments,850
214770,Aprende a tocar Música Cristiana en el piano y teclado,20,Paid,17,3,13,All Levels,0.97,1,16-05-2014,2014,5,Musical Instruments,340
1036338,Instant harmonica - enjoy playing Silent Night tonight!,40,Paid,16,3,12,Beginner Level,0.89,0.633333333,14-12-2016,2016,12,Musical Instruments,640
741388,Piano With Willie: Jazz Kids - Vol 3,40,Paid,16,1,29,Beginner Level,0.16,3,13-04-2016,2016,4,Musical Instruments,640
1111562,Instant Harmonica - play 'I just called to say I love you',40,Paid,15,0,11,Beginner Level,0.16,1,15-02-2017,2017,2,Musical Instruments,600
839032,"Bluegrass Guitar Essentials: Webisodes 13, 14, & 15",30,Paid,14,1,13,All Levels,0.16,1.5,15-12-2016,2016,12,Musical Instruments,420
818786,Drum Lessons For Beginners,95,Paid,14,1,34,Beginner Level,0.16,2.5,13-04-2016,2016,4,Musical Instruments,1330
721202,Guitar 201: Breakthroughs,20,Paid,14,1,49,Beginner Level,0.16,2.5,22-01-2016,2016,1,Musical Instruments,280
214828,"Aprende a tocar percusiones: congas, bongós, maracas y más",50,Paid,14,2,71,All Levels,0.16,3.5,16-05-2014,2014,5,Musical Instruments,700
1076244,Practical Guitar Theory: Level 1,60,Paid,14,3,41,Intermediate Level,0.16,1.5,01-05-2017,2017,5,Musical Instruments,840
211052,Aprende todos los secretos de la guitarra flamenca,50,Paid,13,2,23,Beginner Level,0.16,3.5,07-05-2014,2014,5,Musical Instruments,650
450246,Back In Black the AC/DC Classic Rock Track,20,Paid,13,1,72,All Levels,0.16,2,10-04-2015,2015,4,Musical Instruments,260
794398,Make Electronic Music with the iPad,20,Paid,13,0,69,All Levels,0.16,1.5,01-04-2016,2016,4,Musical Instruments,260
269830,Rhythm to Rock Drum Lesson 5,20,Paid,13,3,9,All Levels,0.16,1,18-08-2014,2014,8,Musical Instruments,260
933814,Instant Harmonica - play Blowing in the Wind + Popeye theme!,40,Paid,13,1,24,Beginner Level,0.16,1.5,23-09-2016,2016,9,Musical Instruments,520
266004,Rhythm to Rock Drum Lesson 4,20,Paid,12,3,12,All Levels,0.16,1.5,18-08-2014,2014,8,Musical Instruments,240
1149202,Guitar Solo - Theory and Improvisation Lessons,60,Paid,12,4,34,Beginner Level,0.16,1.5,11-04-2017,2017,4,Musical Instruments,720
269832,Rhythm to Rock Drum Lesson 6,20,Paid,12,1,13,Intermediate Level,0.16,1.5,21-08-2014,2014,8,Musical Instruments,240
802040,Bluegrass Guitar Essentials: Webisodes 3 & 4,30,Paid,12,2,13,Beginner Level,0.16,2,24-03-2016,2016,3,Musical Instruments,360
713492,Mantenimiento y octavación para guitarras eléctricas,35,Paid,12,3,14,Intermediate Level,0.16,1,27-04-2016,2016,4,Musical Instruments,420
1189926,Ukulele lernen für Papas mit Bruder Jakob,55,Paid,12,1,38,All Levels,0.06,1,04-05-2017,2017,5,Musical Instruments,660
1025536,Coach Guitar - Amazing New Way To Learn Guitar With Colors,50,Paid,12,0,321,All Levels,0.06,3.5,27-12-2016,2016,12,Musical Instruments,600
205764,Rhythm to Rock Drum Lessons 3,20,Paid,12,2,12,Beginner Level,0.06,1,18-07-2014,2014,7,Musical Instruments,240
802038,Bluegrass Guitar Essentials: Webisodes 5 & 6,30,Paid,11,2,16,All Levels,0.06,3,13-04-2016,2016,4,Musical Instruments,330
818838,Trombone Lessons For Beginners,95,Paid,11,2,34,Beginner Level,0.06,3,14-04-2016,2016,4,Musical Instruments,1045
771880,Clarinet Lessons For Beginners,95,Paid,11,0,41,All Levels,0.06,3,26-02-2016,2016,2,Musical Instruments,1045
430994,Gitarre spielen - mein schönstes Hobby,20,Paid,11,2,183,All Levels,0.06,2,09-06-2015,2015,6,Musical Instruments,220
1143414,Tin Whistle Básico,20,Paid,11,2,53,All Levels,0.06,1.5,17-05-2017,2017,5,Musical Instruments,220
196234,Easy Piano - learn and play along,20,Paid,11,1,48,All Levels,0.06,1,14-05-2014,2014,5,Musical Instruments,220
207408,Aprende a tocar la guitarra acústica como un profesional,50,Paid,11,0,27,Beginner Level,0.06,3,05-05-2014,2014,5,Musical Instruments,550
1193536,Escalas Pentatónicas para guitarristas,25,Paid,11,3,23,Beginner Level,0.06,0.6,02-06-2017,2017,6,Musical Instruments,275
211780,Aprende a tocar el teclado como los expertos,50,Paid,11,1,37,All Levels,0.06,2.5,09-05-2014,2014,5,Musical Instruments,550
935900,Pedais de efeito para Contrabaixo,50,Paid,10,3,10,Beginner Level,0.06,2.5,26-08-2016,2016,8,Musical Instruments,500
1114722,Complete Beginners Introduction to Guitar,40,Paid,10,4,35,Beginner Level,0.06,1.5,27-02-2017,2017,2,Musical Instruments,400
839028,Bluegrass Guitar Essentials: Webisodes 9 & 10,30,Paid,10,0,12,All Levels,0.06,2,06-08-2016,2016,8,Musical Instruments,300
213984,Aprender a tocar la batería sin salir de casa,50,Paid,10,0,23,All Levels,0.06,4,09-05-2014,2014,5,Musical Instruments,500
214794,Aprende a tocar ritmo pop en el piano y teclado,20,Paid,10,1,9,All Levels,0.06,0.716666667,16-05-2014,2014,5,Musical Instruments,200
1040596,Greensleeves' Creative Piano Lessons Course,20,Paid,10,1,8,All Levels,0.06,2,03-01-2017,2017,1,Musical Instruments,200
832514,Acoustic Guitar Lessons For Beginners,95,Paid,10,3,39,All Levels,0.06,3,27-04-2016,2016,4,Musical Instruments,950
218658,Aprende cómo tocar el Bajo Sexto,50,Paid,10,2,17,All Levels,0.06,3,19-05-2014,2014,5,Musical Instruments,500
212492,Aprende a tocar blues en el piano y teclado,50,Paid,10,4,22,Intermediate Level,0.06,2.5,09-05-2014,2014,5,Musical Instruments,500
211714,Aprende diferentes ritmos con la guitarra rítmica,20,Paid,10,1,12,All Levels,0.24,1,07-05-2014,2014,5,Musical Instruments,200
217540,Aprende a tocar el bajo eléctrico,50,Paid,9,0,33,All Levels,0.76,3.5,16-05-2014,2014,5,Musical Instruments,450
839030,Bluegrass Guitar Essentials: Webisodes 11 & 12,30,Paid,9,1,24,All Levels,0.18,2,22-10-2016,2016,10,Musical Instruments,270
839026,Bluegrass Guitar Essentials: Webisodes 7 & 8,30,Paid,9,0,10,Beginner Level,0.81,2,05-05-2016,2016,5,Musical Instruments,270
796188,Step by Step Classical Guitar Course,100,Paid,9,1,45,Beginner Level,0.2,4.5,08-12-2016,2016,12,Musical Instruments,900
1198302,Traditional-Style Electric Blues Guitar For Beginners,25,Paid,9,2,36,Beginner Level,0.34,3,22-06-2017,2017,6,Musical Instruments,225
1244302,Guitar Strumming 101 - Have More Fun Playing Songs You Love,50,Paid,8,2,16,All Levels,0.06,1,20-06-2017,2017,6,Musical Instruments,400
1104492,Instant Harmonica - play the Irish anthem Danny Boy today!,40,Paid,8,1,15,Beginner Level,0.94,1,21-03-2017,2017,3,Musical Instruments,320
812602,Piano Lessons For Beginners,95,Paid,8,0,50,All Levels,0.15,4,12-04-2016,2016,4,Musical Instruments,760
647884,Beginner Acoustic Guitar Lessons,25,Paid,8,0,12,All Levels,0.96,1,28-10-2015,2015,10,Musical Instruments,200
217320,Aprende a tocar el saxofón como siempre has querido,20,Paid,8,1,26,Beginner Level,0.06,3.5,16-05-2014,2014,5,Musical Instruments,160
838896,Learn Piano Online-Ambiance Piano Solo,50,Paid,8,0,10,All Levels,0.29,1,21-06-2016,2016,6,Musical Instruments,400
1144288,Poldark TV series Soundtracks for Piano-Quicklessons,20,Paid,8,1,9,All Levels,0,1,16-03-2017,2017,3,Musical Instruments,160
838320,The Art of the Blues Shuffle - A Guitarist's Guide,20,Paid,8,0,11,Beginner Level,0,1.5,26-06-2016,2016,6,Musical Instruments,160
858064,Beginner Level Popular Piano Program - Month 1,30,Paid,7,2,13,Intermediate Level,0,1,24-05-2016,2016,5,Musical Instruments,210
387064,Guitarra para principiantes,20,Paid,7,1,46,All Levels,0,2,22-01-2015,2015,1,Musical Instruments,140
212520,Aprende a tocar ritmos latinos en el teclado,50,Paid,7,0,31,All Levels,0,3.5,09-05-2014,2014,5,Musical Instruments,350
212438,Aprende todos los secretos de la salsa para piano,50,Paid,7,0,17,Beginner Level,0,3,09-05-2014,2014,5,Musical Instruments,350
806640,Blues Master - Advanced Techniques Piano Course,75,Paid,7,2,14,All Levels,0,1,29-03-2016,2016,3,Musical Instruments,525
34332,Aprende a tocar la guitarra,50,Paid,7,1,25,Intermediate Level,0,1.5,22-02-2013,2013,2,Musical Instruments,350
1223570,Learn How To Play 25 Classic Hip Hop Songs Ch.2,25,Paid,7,1,27,All Levels,0,3.5,23-05-2017,2017,5,Musical Instruments,175
944550,Learn Piano Online-A Quiet Solace Piano Solo,50,Paid,7,0,10,Intermediate Level,0,1,29-08-2016,2016,8,Musical Instruments,350
339382,Guitar for Christmas!,20,Paid,7,0,17,All Levels,0,0.533333333,30-11-2014,2014,11,Musical Instruments,140
219756,Aprende a tocar flauta transversal sin complicaciones,50,Paid,6,2,23,Beginner Level,0.34,3,19-05-2014,2014,5,Musical Instruments,300
218596,Aprende a tocar la trompeta,50,Paid,6,2,30,Beginner Level,0.96,3,19-05-2014,2014,5,Musical Instruments,300
211026,Aprende a tocar Jazz y Ritmos Latinos en la guitarra,50,Paid,6,0,17,Beginner Level,0.2,3,07-05-2014,2014,5,Musical Instruments,300
594852,Getting Started with Power Chords,20,Paid,6,0,27,All Levels,0.88,1,17-12-2015,2015,12,Musical Instruments,120
1058262,Major Scales and Modes for Chromatic Harmonica,20,Paid,6,1,14,All Levels,0.47,1.5,10-04-2017,2017,4,Musical Instruments,120
552606,Beginner Guitar Essentials,95,Paid,5,2,45,All Levels,0.34,4.5,06-08-2015,2015,8,Musical Instruments,475
1216752,Curso de Bateria - Explorando Diferentes Divisões,55,Paid,5,2,19,All Levels,0.89,2,18-05-2017,2017,5,Musical Instruments,275
208126,Aprende a tocar los mejores solos en la guitarra eléctrica,30,Paid,5,1,16,Beginner Level,0.34,2,07-05-2014,2014,5,Musical Instruments,150
556076,How To Play Guitar - Everything You Need To Know To Start,50,Paid,5,1,8,All Levels,0.6,1,21-07-2015,2015,7,Musical Instruments,250
1174974,Curso de Violão Prático,70,Paid,5,0,10,All Levels,0.91,1.5,12-04-2017,2017,4,Musical Instruments,350
218856,Aprende a tocar la flauta dulce de forma sencilla y gradual,50,Paid,5,0,23,All Levels,0.35,3,19-05-2014,2014,5,Musical Instruments,250
1129652,【すぐに覚える！】ASALATO-アサラト(打楽器)初心者向け入門講座,20,Paid,5,1,7,Beginner Level,0.76,0.583333333,19-04-2017,2017,4,Musical Instruments,100
765056,Guitar Fundamentals for Beginners,25,Paid,5,1,11,All Levels,0.8,2,22-02-2016,2016,2,Musical Instruments,125
1144780,Curso de batería online de Patricio Iglesias (Santa Sabina),35,Paid,5,1,17,Beginner Level,0.79,4,28-03-2017,2017,3,Musical Instruments,175
214218,"Aprende a tocar jazz, salsa y blues en el piano",20,Paid,5,0,23,All Levels,0.31,3,19-05-2014,2014,5,Musical Instruments,100
204014,Aprende a tocar el piano desde cero,50,Paid,4,0,16,All Levels,0.44,4,30-04-2014,2014,4,Musical Instruments,200
917176,Violin for Beginners,50,Paid,4,0,18,All Levels,0.93,0.733333333,07-03-2017,2017,3,Musical Instruments,200
1236576,Learn to play and improve 12 bar blues harmonica solos,40,Paid,4,1,27,Intermediate Level,0.11,1,29-06-2017,2017,6,Musical Instruments,160
806642,Blues Master - Professional Techniques Piano Course,75,Paid,4,0,16,Beginner Level,0.3,1,29-03-2016,2016,3,Musical Instruments,300
809492,Drumming 101: The Essential Elements,50,Paid,4,0,17,All Levels,0.74,1.5,02-05-2017,2017,5,Musical Instruments,200
212506,Ahora aprende a tocar jazz en el piano,30,Paid,4,0,9,Beginner Level,0.88,1.5,09-05-2014,2014,5,Musical Instruments,120
513528,Curso de guitarra para principiantes.,20,Paid,4,0,7,Intermediate Level,0.92,1,11-06-2015,2015,6,Musical Instruments,80
219844,Aprende a tocar el clarinete.,50,Paid,4,0,26,All Levels,1,3,19-05-2014,2014,5,Musical Instruments,200
207304,Aprende a tocar la guitarra eléctrica,50,Paid,3,0,39,All Levels,0.8,5.5,30-04-2014,2014,4,Musical Instruments,150
219878,Aprende a tocar el contrabajo sin complicaciones,50,Paid,3,1,20,Beginner Level,0.62,3,19-05-2014,2014,5,Musical Instruments,150
545036,Saxophone Essentials: Beginners Course,40,Paid,3,0,16,All Levels,0.34,1.5,26-04-2017,2017,4,Musical Instruments,120
383852,88 Logic - The Essential Guide To Learning Piano,25,Paid,3,0,5,Beginner Level,0.43,0.533333333,13-01-2015,2015,1,Musical Instruments,75
388712,Learn To Play The Guitar In A Day,20,Paid,3,1,14,All Levels,0.11,1,09-01-2015,2015,1,Musical Instruments,60
632234,Guitar Chords and Basic Strumming,20,Paid,3,0,35,Beginner Level,0.22,2.5,17-12-2015,2015,12,Musical Instruments,60
847808,こどもギターレッスン　リトルギタリストⅢ（完結編）,20,Paid,3,0,36,All Levels,0.76,1,03-10-2016,2016,10,Musical Instruments,60
785210,Flute Lessons For Beginners,95,Paid,3,0,41,Beginner Level,0.27,2.5,09-03-2016,2016,3,Musical Instruments,285
195196,Aprende a improvisar en la guitarra eléctrica,50,Paid,3,0,19,All Levels,0.34,3,05-05-2014,2014,5,Musical Instruments,150
594854,Getting Started on the Acoustic Guitar,20,Paid,3,0,28,All Levels,0.84,1,20-10-2015,2015,10,Musical Instruments,60
963664,Learn Piano Online-Nocturnal Piano Solo,60,Paid,2,0,11,Beginner Level,0.53,1.5,21-09-2016,2016,9,Musical Instruments,120
1124590,Learn How To Play The Trumpet,75,Paid,2,0,24,All Levels,0.51,1.5,19-06-2017,2017,6,Musical Instruments,150
687742,こどもギターレッスン　リトルギタリストⅡ,20,Paid,2,0,47,Beginner Level,0.88,3.5,18-02-2016,2016,2,Musical Instruments,40
1243162,Aprende a tocar las escalas en el acordeón de botones.,20,Paid,2,0,21,All Levels,0.86,1,17-06-2017,2017,6,Musical Instruments,40
1195742,The Music Coach Online Spirit Drum Course,95,Paid,2,0,86,Beginner Level,0.95,5.5,04-05-2017,2017,5,Musical Instruments,190
834422,Curso de Teclado,40,Paid,1,0,26,All Levels,0.96,1.5,16-05-2016,2016,5,Musical Instruments,40
448250,improvisación de Guitarra,20,Paid,1,0,10,Beginner Level,0.74,1,24-03-2015,2015,3,Musical Instruments,20
968026,Learn to Play Tabla - The Indian drums,0,Free,1,0,20,All Levels,0.78,1.5,04-07-2017,2017,7,Musical Instruments,0
730702,Ukulele 3:  Intermediate,25,Paid,1,0,11,Intermediate Level,0.11,0.65,24-05-2017,2017,5,Musical Instruments,25
724436,Guitarra Acústica en Siete Días,20,Paid,1,1,38,Beginner Level,0.96,2.5,29-01-2016,2016,1,Musical Instruments,20
939636,Coaching Bundle: Guitar for Music Educators: Part 2,135,Paid,1,1,6,All Levels,0.24,0.5,02-09-2016,2016,9,Musical Instruments,135
974704,Learn Piano Online-In the Garden Piano Solo,60,Paid,1,0,11,All Levels,0.37,1,03-10-2016,2016,10,Musical Instruments,60
944804,Coaching Bundle: Guitar for Music Educators: Part 1,135,Paid,1,1,5,All Levels,0.04,0.5,01-09-2016,2016,9,Musical Instruments,135
1150468,Ukulele lernen für Papas mit Aram sam sam,55,Paid,1,0,37,Beginner Level,0.66,0.7,17-05-2017,2017,5,Musical Instruments,55
1261210,Suonare la Chitarra,200,Paid,1,1,22,Beginner Level,0.15,1,21-06-2017,2017,6,Musical Instruments,200
1232728,Learn Loreena McKennitt Songs-Quicklessons Piano Course,20,Paid,1,0,6,Beginner Level,0.18,0.566666667,29-05-2017,2017,5,Musical Instruments,20
1265814,ABRSM Grade III Piano Class - Handel Sonatina in G 2017-2018,20,Paid,0,0,5,Beginner Level,0.34,0.516666667,06-07-2017,2017,7,Musical Instruments,0
1272282,Learn Vikings Soundtracks on the Piano by Ear,20,Paid,0,0,8,All Levels,0.63,0.583333333,29-06-2017,2017,6,Musical Instruments,0
603902,Curso de Didgeridoo nivel principiante,50,Paid,0,0,31,Beginner Level,0.66,1,11-04-2016,2016,4,Musical Instruments,0
1026760,Coaching Course: Rhythm Instruction for Music Educators P1,130,Paid,0,0,6,All Levels,0.66,0.533333333,10-03-2017,2017,3,Musical Instruments,0
1214670,Tune that Sour Note on Your Piano,20,Paid,0,0,6,Beginner Level,0.25,0.55,20-06-2017,2017,6,Musical Instruments,0
993892,"Beginners Guitar Course - 'Try it and love it method""",25,Paid,0,0,16,All Levels,0.51,2,31-10-2016,2016,10,Musical Instruments,0
1216340,Learn to Play Sweet Child of Mine,20,Paid,0,0,23,All Levels,0.31,1.5,30-06-2017,2017,6,Musical Instruments,0
1026762,Coaching Course: Rhythm Instruction for Music Educators P2,125,Paid,0,0,7,Beginner Level,0.06,0.633333333,10-03-2017,2017,3,Musical Instruments,0
1223240,Learn Pirates of the Caribbean by Ear on the Piano,20,Paid,0,0,6,All Levels,0.08,0.533333333,22-05-2017,2017,5,Musical Instruments,0
1224186,Learn to Play Piano Like a Pro - Easy Piano Course 1,35,Paid,0,0,13,Beginner Level,0.78,0.516666667,30-05-2017,2017,5,Musical Instruments,0
1234656,4 Week Rhythm Mastery,20,Paid,0,0,28,All Levels,0.01,2.5,05-07-2017,2017,7,Musical Instruments,0
